,samples,Sphingomonas1,Pseudomonas1,Caloribacterium1,Acetobacteraceae1,Pseudomonas2,Pseudomonas3,Massilia1,Pseudomonas4,Massilia2,Sphingomonas2,Xanthomonas,Pseudomonas5,Duganella1,Microbacteriaceae2,Microbacteriaceae1,Sphingomonas3,Geobacillus,Clavibacter,Pseudomonas6,Massilia3,Pedobacter1,Acetobacteraceae2,Anoxybacillus,Pseudomonas7,Sphingomonas4,Rhizobium1,Pseudaminobacter,Hyphomicrobium,Chryseobacterium1,Chryseobacterium2,Pedobacter2,Methylobacterium1,Planctomicrobium,Microbacteriaceae3,Sphingomonas5,Gaetbulimicrobium1,Microbacteriaceae4,Pseudomonas8,Gaetbulimicrobium2,Aureimonas,Sphingomonadaceae,Pseudomonas9,Puniceicoccus1,Massilia4,Polaromonas,Pseudomonas10,Janthinobacterium,Pseudomonas11,Acinetobacter,Pseudomonas12,Neorhizobium,Acetobacteraceae3,Pseudomonas13,Pseudomonas14,Methylobacterium2,Sphingomonas6,Rhodococcus,Escherichia,Chryseobacterium3,Puniceicoccus2,Flavobacterium,Sphingomonas7,Hymenobacter1,Sphingomonas8,Pedobacter3,Caloribacterium2,Sphingomonas9,Sphingomonas11,Persicirhabdus,Pseudomonas15,Pseudomonas29,Pseudomonas21,Pseudomonas24,Pseudomonas16,Massilia5,Sphingomonas10,Arthrobacter,Pseudomonas17,Sphingomonas12,Pseudomonas20,Comamonas,Pseudomonas19,Pseudomonas18,Brevundimonas,Sphingomonas13,Hymenobacter2,Pseudomonas22,Duganella2,Pseudomonas23,Hymenobacter3,Pseudomonas25,Rhizobium2,Staphylococcus,Sphingomonas14,Pseudomonas26,Devosia,Pseudomonas30,Pedobacter4,Acetobacteraceae4,Pseudomonas27,Pseudomonas28,Thermoproteus,Sphingomonas15,Lactococcus,Enterococcus,Sanguibacter,Ramlibacter1,Rhizobium3,Pedobacter5,Sphingomonas17,Pseudomonas35,Sphingomonas16,Sphingomonas18,Hymenobacter4,Pseudomonas32,Sphingomonas19,Epilithonimonas,Ramlibacter2,Sphingomonas21,Caloribacterium3,Pseudomonas31,Paenibacillus,Caloribacterium4,Pseudomonas33,Sphingomonas20,Caloribacterium5,Pseudomonas34,Caloribacterium6,Sphingomonas22,Methylobacterium3,Pseudomonas36,Cloacibacterium,Caloribacterium7,Caloribacterium8,Pseudomonas37,Caloribacterium9,Massilia6,Massilia7,Caloribacterium10,Massilia8,Sphingomonas23,Sphingomonas24,Methylobacterium4,Caloribacterium11,Caloribacterium12,Pseudomonas39,Microbacteriaceae5,Pseudomonas38,Sphingomonas25,Pseudomonas40,Sphingomonas26,Sphingomonas27,Phycisphaera,Caloribacterium13,Pseudomonas41,dataset.x,ROW_TOTALS,total,mtDNA,cpDNA,contam,prop_c,controls,sample_id,PNA,exclude,PlotNum,SubPlotTx,sp.id,PlotCond,sp.cond,SubPlot,txfull,LeafPos,SampType,DmgB,DmgC,DmgM,DmgS,herb.dmg,NDmgTypes,LeafCFU,logLeafCFU,LeafMTs,stem.tx
1,EL12_003,0,8184,32,0,1,236,1,31,0,0,0,0,0,0,0,0,0,0,0,0,0,0,0,0,0,0,0,13,0,0,0,0,0,0,0,0,0,108,0,0,0,0,0,0,0,0,0,37,0,0,0,0,61,61,0,0,0,0,0,0,0,0,0,0,0,0,0,0,0,67,20,34,0,45,0,0,0,33,0,0,1,27,47,0,0,0,45,0,40,0,3,0,0,0,0,0,1,0,0,0,35,0,0,0,0,0,0,0,0,0,0,0,0,0,9,0,0,2,0,1,26,0,0,4,0,0,0,1,0,0,20,0,0,0,0,0,0,0,0,0,0,0,0,0,1,10,0,18,0,0,0,0,0,3,3,EL2012,9261,11506,866,1018,1884,0.163740657,0,EL12_003,1,0,2,C,2_C,JA,MOCK,C1,JAC,5,2,y,NA,NA,NA,1,1,6614.917314,3.82052442,2,MC
2,EL12_011,21,418,14,0,0,7,0,6,0,0,1,1,0,0,0,0,0,0,0,0,0,0,0,0,0,0,1,14,0,0,0,0,0,0,0,0,0,1,0,0,0,0,0,0,0,0,0,0,0,0,0,0,0,3,0,0,0,0,0,0,0,0,0,0,0,0,0,0,0,4,1,2,0,2,0,0,0,1,0,0,0,1,4,0,0,0,3,0,1,0,0,0,0,0,0,0,0,0,0,0,1,1,0,1,0,0,0,0,0,0,0,0,0,0,0,0,0,0,0,0,0,0,0,0,0,0,0,0,0,0,0,0,0,1,0,1,0,0,0,0,0,0,0,1,0,0,0,2,0,0,0,0,0,0,2,EL2012,516,12289,5974,5704,11678,0.950280739,0,EL12_011,1,0,2,C,2_C,JA,MOCK,D1,JAC,11,2,n,NA,NA,NA,0,0,28082.01732,4.448428303,1,MC
3,EL12_037,1459,3384,11,0,0,0,216,8,97,0,0,5,13,27,0,67,0,0,0,0,0,0,0,0,33,0,2,15,7,4,0,6,0,0,0,0,0,45,0,0,0,4,0,0,0,0,0,1,0,0,0,0,0,30,0,14,0,0,4,0,0,7,3,5,0,0,16,5,0,16,8,15,0,20,3,6,0,20,10,0,0,22,8,0,7,0,18,0,29,161,4,0,1,2,6,0,0,0,0,0,4,0,2,0,0,0,0,0,0,5,0,0,1,0,10,3,0,0,1,0,9,0,1,2,0,0,5,0,2,0,3,0,0,0,15,1,3,3,0,3,1,0,0,0,0,3,0,6,3,0,2,4,0,0,14,EL2012,5950,8318,1643,471,2114,0.254147632,0,EL12_037,1,0,26,C,26_C,JA,MOCK,A1,JAC,5,2,y,n,n,n,1,1,687780.7268,5.837450002,1,MC
4,EL12_047,14,0,0,0,0,0,0,0,0,0,0,0,0,0,0,0,0,0,0,0,0,0,0,0,0,0,0,506,0,0,0,0,0,0,0,0,0,0,0,0,0,0,0,0,0,0,0,0,0,0,0,0,0,0,0,0,0,31,0,0,0,0,0,0,0,0,0,0,0,0,0,0,0,0,0,0,0,0,0,0,17,0,0,0,0,0,0,0,0,0,0,0,0,0,0,0,0,0,0,0,0,0,0,0,0,0,0,0,0,0,0,0,0,0,0,0,0,9,0,0,0,0,0,0,0,0,0,0,0,0,0,2,0,0,0,0,0,0,0,0,0,0,0,0,0,0,0,0,0,0,1,0,0,0,0,EL2012,580,6160,1991,3432,5423,0.880357143,0,EL12_047,1,0,14,C,14_C,JA,MOCK,D1,JAC,8,2,n,n,n,n,0,0,0,0,0,MC
5,EL12_048,1,1,0,0,0,0,0,0,0,0,0,0,0,1,0,0,0,0,0,0,0,0,0,0,0,0,2345,1610,0,0,0,0,0,0,0,0,0,0,0,0,0,0,0,0,0,0,0,0,0,0,0,0,0,0,0,0,0,37,0,0,0,0,0,0,0,0,0,0,0,0,0,0,0,0,0,0,0,0,0,0,2,0,0,0,0,0,0,0,0,0,0,0,0,0,0,0,0,0,0,0,0,0,0,0,0,0,0,0,0,0,0,0,0,0,0,0,0,18,0,0,0,0,0,0,0,0,0,0,0,0,0,0,0,0,0,0,0,0,0,0,0,0,0,0,0,0,0,0,0,0,0,0,0,0,0,EL2012,4015,6537,786,1191,1977,0.302432308,0,EL12_048,1,0,14,C,14_C,JA,MOCK,B1,JAC,6,Whole Leaf,n,n,n,n,0,0,NA,NA,NA,MC
6,EL12_050,0,0,4037,0,0,0,0,0,0,0,0,0,0,512,632,0,0,4,0,0,0,1,0,0,0,0,0,12,0,0,0,0,0,51,0,0,23,0,0,0,0,0,0,0,0,0,0,0,0,0,0,0,0,0,0,0,0,2,0,0,0,0,0,0,0,66,0,0,0,0,0,0,0,1,0,0,0,0,0,0,0,0,0,1,0,0,0,0,0,0,0,0,2,0,0,0,0,0,0,0,0,34,0,1,0,0,0,0,0,0,0,0,0,0,0,0,0,0,0,28,0,0,29,0,0,21,0,20,0,0,0,0,29,16,0,29,0,0,23,0,0,0,0,19,26,0,22,0,0,0,0,0,19,22,0,EL2012,5682,12261,5828,474,6302,0.51398744,0,EL12_050,1,0,14,C,14_C,JA,MOCK,C1,JAC,7,2,n,n,y,n,1,1,192336912.5,8.28406264,2,MC
7,EL12_051,1,1,2,0,0,0,0,0,0,0,0,0,0,0,0,0,0,0,0,0,0,0,0,0,0,0,0,17,0,0,0,0,0,0,0,0,0,0,0,0,0,0,0,0,0,0,0,0,0,0,0,0,0,0,0,0,0,2,0,0,0,0,0,0,0,0,0,0,0,0,0,0,0,0,0,0,0,0,0,0,47,0,0,0,0,0,0,0,0,0,0,0,0,0,0,0,0,0,0,0,0,0,0,2,0,0,0,0,0,0,0,0,0,0,0,0,0,0,0,0,0,3,0,0,0,0,0,0,0,0,0,0,0,0,0,0,0,0,0,0,0,0,0,0,0,0,0,0,0,0,0,0,0,0,0,EL2012,75,6378,3075,3143,6218,0.974913766,0,EL12_051,1,0,14,C,14_C,JA,MOCK,A1,JAC,9,Whole Leaf,n,n,n,n,0,0,NA,NA,NA,MC
8,EL12_052,63,5261,0,0,0,6,0,9,2,0,0,0,0,2,0,1,0,0,0,0,0,0,0,0,2,0,0,0,0,0,0,0,0,0,0,0,0,62,0,0,0,0,0,0,0,0,0,0,0,0,0,0,0,46,0,0,0,0,0,0,0,0,1,0,0,0,4,0,0,26,13,11,0,21,0,0,0,34,0,0,0,19,18,0,0,0,17,0,20,0,0,0,0,0,0,0,0,0,0,0,11,0,0,0,0,0,0,0,0,0,0,0,0,0,6,0,0,0,0,0,12,0,0,5,0,0,3,0,0,0,9,0,0,0,0,0,0,0,0,0,0,0,0,0,0,4,0,4,0,0,0,0,0,0,15,EL2012,5707,5887,28,8,36,0.006115169,0,EL12_052,1,0,26,C,26_C,JA,MOCK,C1,JAC,8,1Frag,y,n,n,y,1,2,8626760.563,6.935847744,1,MC
9,EL12_053,2395,3711,12,0,0,87,18,18,611,1,0,11,27,5,1,92,0,0,0,0,0,0,0,0,40,0,0,3,0,0,0,0,0,0,0,0,0,37,0,0,0,0,0,0,0,0,0,6,0,0,0,0,15,20,0,15,0,1,0,0,0,9,0,13,0,0,39,7,0,16,5,19,0,16,38,8,0,17,9,0,0,18,20,0,9,0,23,0,11,0,2,0,0,7,41,0,0,0,0,0,13,0,11,0,0,0,0,0,0,6,0,1,5,0,10,10,0,0,10,0,7,0,0,3,0,0,28,0,5,0,12,0,0,0,24,0,11,0,0,1,4,0,0,0,0,5,0,11,6,0,4,2,0,0,0,EL2012,7642,9811,1696,90,1786,0.182040567,0,EL12_053,1,0,26,C,26_C,JA,MOCK,D1,JAC,9,Whole Leaf,y,n,n,n,1,1,NA,NA,NA,MC
10,EL12_063,1268,230,1463,0,25,0,0,6,0,2,0,101,0,278,3141,52,0,70,206,1,0,0,0,0,30,0,0,0,0,0,0,0,0,155,0,0,96,2,0,0,0,7,0,0,0,0,0,0,0,0,0,0,0,1,3,6,3,0,0,0,0,5,0,3,0,11,12,2,0,1,0,2,0,1,0,1,0,1,3,0,0,2,2,0,3,0,0,0,0,0,8,0,0,5,0,0,0,0,0,1,0,13,3,0,0,177,0,0,0,0,0,0,0,0,3,2,0,0,0,11,2,0,11,0,0,7,0,10,0,0,2,0,11,8,2,14,0,0,5,0,5,0,0,10,4,1,96,0,0,10,2,3,7,4,0,EL2012,7632,10488,2166,40,2206,0.210335622,PNA,EL12_063,1,0,35,C,35_C,JA,MOCK,B1,JAC,4,2,n,y,y,n,1,2,0,0,0,MC
11,EL12_064,0,0,0,0,0,0,0,0,0,0,0,8,0,0,0,0,0,0,0,0,0,0,0,0,0,0,0,171,0,0,0,0,0,0,0,0,0,0,0,0,0,0,0,0,0,0,0,0,0,0,0,0,0,0,0,0,0,15,0,0,0,0,0,0,0,0,0,0,0,0,0,0,0,0,0,0,0,0,0,0,0,0,0,0,0,0,0,0,0,0,0,0,0,0,0,0,0,0,0,0,0,0,0,24,0,0,0,0,0,0,0,0,0,0,0,0,0,8,0,0,0,0,0,0,0,0,0,0,0,0,0,0,0,0,0,0,0,0,0,0,0,0,10,0,0,0,0,0,0,0,0,0,0,0,0,EL2012,236,7604,2667,4651,7318,0.962388217,0,EL12_064,1,0,35,C,35_C,JA,MOCK,C1,JAC,7,2,n,n,n,n,0,0,NA,NA,NA,MC
12,EL12_065,14,0,5,0,0,0,0,0,0,0,0,0,0,7,12,0,0,0,5,0,0,0,0,0,0,0,0,228,0,0,0,0,0,0,0,0,0,0,0,0,0,0,0,0,0,0,0,0,0,0,0,0,0,0,0,0,0,46,0,0,0,0,0,0,0,0,0,0,0,0,0,0,0,0,0,0,0,0,0,0,6,0,0,0,0,0,0,0,0,0,0,0,0,0,0,0,0,0,0,0,0,0,0,1,0,0,0,0,0,0,0,0,0,0,0,0,0,5,0,0,0,2,0,0,0,1,0,1,0,0,0,0,1,0,0,0,0,0,0,0,1,0,0,0,0,0,0,0,0,0,0,0,0,0,0,EL2012,335,7293,2286,4589,6875,0.942684766,0,EL12_065,1,0,35,C,35_C,JA,MOCK,A1,JAC,5,2,yn,n,n,n,0,0,1261969.076,6.101048713,3,MC
13,EL12_067,0,6,0,0,0,0,0,0,14,2,0,0,0,0,0,0,0,0,0,0,0,0,0,0,0,0,0,235,0,0,0,0,0,0,0,0,0,0,0,0,0,0,0,0,0,0,0,0,0,0,0,0,0,0,0,0,0,23,0,0,0,0,0,0,0,0,0,0,0,0,0,0,0,0,0,0,0,0,0,0,1,0,0,0,0,0,0,1,0,0,0,0,0,0,0,0,0,0,0,0,0,0,0,0,0,0,0,0,0,0,0,0,0,0,0,0,0,5,0,0,0,0,0,0,1,0,0,0,0,0,0,0,0,0,0,0,0,0,0,0,0,0,42,0,0,0,0,1,0,0,0,0,0,0,0,EL2012,331,7561,4275,2876,7151,0.945774368,0,EL12_067,1,0,35,C,35_C,JA,MOCK,D1,JAC,8,Half Leaf,n,n,n,n,0,0,0,0,0,MC
14,EL12_124,25,39,2,0,0,0,1,1,0,0,0,0,1,0,0,0,0,0,0,6,0,0,0,0,0,0,0,1,0,0,0,0,0,0,1,0,0,0,0,0,0,0,0,0,0,0,0,0,0,0,0,0,0,1,0,1,0,0,0,0,0,0,0,0,0,0,0,0,0,0,0,0,0,0,0,0,0,0,0,0,0,0,0,0,0,0,0,0,0,0,0,0,0,0,0,0,0,0,0,0,0,0,0,0,0,0,4,0,0,0,0,0,0,0,0,0,0,0,0,0,0,0,0,0,0,0,0,1,0,0,0,0,0,0,0,0,0,0,0,0,0,0,0,0,0,0,0,0,0,0,0,0,0,0,0,EL2012,84,12727,12577,58,12635,0.992771274,0,EL12_124,1,0,16,C,16_C,JA,MOCK,A1,JAC,NA,2,n,n,n,n,0,0,829953.8611,5.91905395,6,MC
15,EL12_125,2378,1988,7,0,0,8,296,5,0,5,0,0,192,3,9,104,0,0,0,659,0,0,0,0,86,0,0,0,0,0,0,1,0,0,1,0,1,13,0,1,0,0,0,3,0,0,0,0,0,9,0,0,1,15,3,18,0,0,0,0,0,9,0,22,2,0,11,11,0,11,4,15,0,8,0,15,0,10,12,0,1,12,17,5,8,0,10,2,9,0,0,0,0,8,32,2,0,0,0,0,6,0,8,0,0,0,4,0,2,2,0,0,6,0,7,11,0,0,14,0,6,0,0,1,0,0,1,0,3,0,7,0,0,0,17,0,0,1,0,6,6,0,0,0,0,2,1,7,3,0,2,6,0,0,2,EL2012,6173,7154,409,170,579,0.080933743,0,EL12_125,1,0,16,C,16_C,JA,MOCK,C1,JAC,5,2,y,n,n,y,1,2,30625,4.486076097,2,MC
16,EL12_126,7,6,3,0,0,0,4,0,0,0,0,0,0,0,1,0,0,0,0,0,0,0,0,0,0,0,0,6,0,0,0,0,0,0,0,0,0,0,0,0,0,0,0,0,0,0,0,0,0,0,0,0,0,0,0,0,0,0,0,0,0,0,0,0,0,0,0,0,0,0,0,0,0,0,0,0,0,0,0,0,0,0,0,0,0,0,0,0,0,0,0,0,0,0,0,0,0,0,0,0,0,0,1,0,0,0,0,0,0,0,0,0,0,0,0,0,0,0,0,0,0,0,0,0,0,0,0,0,0,0,0,0,0,0,0,0,0,0,0,0,0,0,0,0,0,0,0,0,0,0,0,0,0,0,0,EL2012,28,10074,9766,267,10033,0.995930117,0,EL12_126,1,0,16,C,16_C,JA,MOCK,B1,JAC,7,2,y,n,n,n,1,1,10112.82334,4.00487242,2,MC
17,EL12_131,57,3054,347,0,0,4,974,11,143,0,0,0,140,153,0,4,0,0,0,188,0,0,0,0,1,0,0,0,0,0,0,0,0,0,0,0,0,31,0,0,0,0,0,11,1,0,0,0,0,28,0,0,1,16,0,0,2,0,0,0,0,0,0,2,0,3,2,0,0,25,19,16,0,22,5,0,0,14,0,0,3,14,13,0,3,0,14,0,17,0,1,0,0,0,53,0,0,0,0,0,12,3,0,0,0,0,0,0,0,0,0,0,0,0,6,1,0,0,0,0,7,0,4,1,0,3,1,2,0,0,9,0,3,3,0,3,3,16,1,14,0,0,2,1,5,3,0,9,0,0,0,0,1,2,0,EL2012,5507,9724,3730,96,3826,0.393459482,0,EL12_131,1,0,16,C,16_C,JA,MOCK,D1,JAC,5,2,y,y,n,y,1,3,77179.93952,4.887504434,4,MC
18,EL12_158,5527,519,84,0,0,109,207,1,5,4,0,0,9,26,52,197,0,15,0,0,0,0,0,0,155,0,0,0,0,0,0,0,0,6,63,0,1,6,0,7,40,0,0,0,45,0,0,2,0,0,0,0,1,3,2,33,6,0,0,0,0,26,72,32,0,1,8,18,9,4,0,1,0,4,0,27,0,4,26,0,0,2,2,1,27,16,4,0,2,13,0,0,0,21,1,0,0,57,0,0,1,1,8,9,0,0,5,0,8,7,0,0,17,54,2,15,0,0,6,3,0,0,0,0,0,1,0,0,15,3,0,0,1,1,7,0,0,2,1,4,13,9,0,0,1,1,0,1,13,0,10,9,0,1,0,EL2012,7732,13639,1145,4169,5314,0.389618007,0,EL12_158,1,0,17,C,17_C,JA,MOCK,D1,JAC,11,2,y,n,y,n,1,2,454738.2342,5.657761471,7,MC
19,EL12_161,5108,347,350,0,18,166,72,21,1810,33,0,0,0,247,236,210,0,22,0,585,0,0,0,0,110,0,0,0,0,0,0,0,0,26,16,0,20,7,0,2,0,0,0,2,2,6,0,4,0,1,0,0,10,2,0,33,0,0,0,0,0,25,6,28,225,7,16,19,1,2,2,4,2,0,38,22,0,5,24,0,0,1,2,16,25,3,0,0,1,53,1,6,0,17,18,0,6,43,0,0,2,0,6,0,0,0,0,0,1,12,0,0,9,2,2,7,3,0,56,2,0,0,6,0,0,1,4,0,11,0,1,0,0,3,7,0,24,0,2,0,6,0,0,3,0,0,13,0,6,0,10,7,0,1,0,EL2012,10291,12276,567,157,724,0.058976865,0,EL12_161,1,0,17,C,17_C,JA,MOCK,B1,JAC,4,Frag,n,n,y,y,1,2,784000,5.894316063,6,MC
20,EL12_162,6706,26,134,0,0,65,333,0,21,2,0,0,2,6,0,259,0,0,0,0,0,0,0,0,153,0,0,0,0,0,0,0,0,0,10,0,0,3,0,41,3,0,0,3,0,0,0,0,0,0,0,0,0,1,0,48,0,1,0,0,0,33,0,39,3,1,1,40,3,0,0,0,0,1,0,33,1,0,32,0,1,0,0,0,31,6,0,0,0,10,0,0,0,37,2,0,0,0,0,0,0,3,31,2,0,0,2,0,0,25,0,0,19,1,0,14,0,0,11,2,0,0,0,0,0,0,0,2,16,0,0,0,0,0,0,0,0,5,1,4,17,0,0,2,0,0,0,0,12,0,17,10,0,1,0,EL2012,8288,11247,579,2040,2619,0.232862097,PNA,EL12_162,1,0,17,C,17_C,JA,MOCK,A1,JAC,5,2,y,n,n,y,1,2,294.4711538,2.469042758,1,MC
21,EL12_164,8374,2,17,0,0,23,1604,0,1433,19,1,1,8,21,0,342,0,3,0,0,0,0,0,0,192,0,0,1,0,0,0,5,0,0,123,0,0,0,0,17,19,0,0,3,3,0,0,0,0,0,0,0,0,0,4,61,0,0,0,0,0,37,56,66,0,0,0,32,2,0,0,0,0,0,12,47,0,0,40,0,1,0,0,0,39,23,0,0,0,659,0,0,0,18,0,0,0,0,0,0,0,1,12,2,0,0,21,0,3,31,0,0,14,135,0,9,0,1,66,0,0,0,0,0,1,0,0,0,9,8,0,0,0,0,1,0,32,20,0,17,16,2,0,0,0,0,0,0,15,0,14,6,0,0,0,EL2012,13744,15230,48,385,433,0.028430729,0,EL12_164,1,0,17,C,17_C,JA,MOCK,C1,JAC,3,2,n,n,n,y,1,1,114530.2548,5.058920227,6,MC
22,EL12_225,1257,1100,53,0,0,1,112,14,44,89,0,3,161,174,76,44,0,0,0,0,1,0,1,0,25,0,0,0,0,0,0,99,0,0,46,0,3,11,0,20,0,0,0,0,1,2,0,0,0,9,0,0,0,13,0,6,12,0,0,0,0,5,0,6,0,0,4,3,0,8,3,5,0,8,0,5,0,5,8,0,0,7,6,0,9,0,4,36,1,5,1,0,1,5,6,1,0,0,0,0,7,0,0,0,0,0,0,64,8,3,0,2,2,3,1,4,0,39,1,0,1,47,0,0,2,0,1,0,3,1,5,0,0,0,6,0,0,2,1,1,3,0,1,0,2,0,2,1,3,0,2,1,0,0,0,EL2012,3738,17711,11301,2293,13594,0.767545593,0,EL12_225,1,0,39,C,39_C,JA,MOCK,A1,JAC,14,Whole Leaf,y,y,n,n,1,2,NA,NA,NA,MC
23,EL12_226,11493,1133,1223,0,2,5,47,454,69,1,0,36,80,140,384,451,0,53,0,0,1404,0,2,0,202,0,2077,0,0,10,0,0,0,206,0,0,15,14,0,5,1,1,0,0,2,0,0,5,0,7,0,0,1,9,2,70,0,0,0,0,0,44,0,65,0,21,36,38,0,9,8,3,0,13,2,54,0,2,48,0,7,9,6,2,46,0,2,0,4,0,2,78,0,46,4,0,0,5,0,0,4,18,30,0,0,2,0,0,0,36,3,0,30,0,3,28,0,7,3,4,1,7,11,2,0,5,0,7,35,0,6,2,11,6,23,7,1,0,9,4,17,0,0,6,4,1,5,0,13,0,35,13,6,8,2,EL2012,20573,23875,1947,196,2143,0.089759162,0,EL12_226,1,0,40,C,40_C,JA,MOCK,A1,JAC,7,Whole Leaf,y,y,y,n,1,3,NA,NA,NA,MC
24,EL12_228,2661,55,232,0,0,7,4468,24,1831,2875,1,0,0,9,27,121,0,2,0,18,0,0,0,0,61,0,0,0,0,0,1,2,0,0,56,0,0,0,0,4,0,0,0,7,1,0,0,0,0,147,0,0,0,0,0,14,0,1,0,0,0,13,0,25,0,3,3,4,0,0,0,0,0,5,19,18,0,0,12,0,0,0,0,6,7,0,0,0,0,5,0,0,0,12,1,0,0,0,0,0,0,1,0,0,0,0,7,0,0,9,0,105,11,0,0,4,0,0,19,0,0,0,3,0,84,3,0,3,6,0,0,0,1,1,2,0,39,59,1,67,2,0,1,1,5,0,0,0,7,0,6,6,1,0,0,EL2012,13212,20214,5536,506,6042,0.298901751,0,EL12_228,1,0,40,C,40_C,JA,MOCK,C1,JAC,9,Whole Leaf,y,n,y,y,1,3,NA,NA,NA,MC
25,EL12_230,90,80,6,0,0,37,0,37,6,2,0,0,0,0,0,0,0,2834,0,0,0,0,2,0,2,0,0,0,0,0,0,0,0,0,0,0,1,0,0,0,0,0,0,0,0,0,0,0,0,0,0,0,0,0,0,0,0,2,0,0,0,1,0,2,0,0,0,1,0,0,0,1,0,0,0,0,0,0,0,0,0,0,0,0,0,0,1,0,1,0,0,0,2,1,0,0,0,0,0,0,0,0,0,0,0,0,0,0,0,2,0,0,0,0,0,0,0,15,0,0,2,31,0,1,0,0,0,0,0,0,0,0,0,0,0,0,0,0,0,0,0,0,0,0,0,0,0,1,0,0,0,0,0,0,0,EL2012,3161,6018,1464,1201,2665,0.442838152,0,EL12_230,1,0,40,C,40_C,JA,MOCK,D1,JAC,13,Whole Leaf,y,n,n,n,1,1,NA,NA,NA,MC
26,EL12_231,3902,186,585,0,0,7,1739,15,7,5,0,2,1,235,1947,132,0,0,0,2,0,0,1,0,85,0,0,0,0,0,0,0,0,5,0,0,38,2,0,0,0,2,0,1,8,18,0,0,0,65,0,0,0,2,0,27,0,0,0,0,0,15,0,26,0,7,23,12,1,0,1,1,0,1,0,18,0,2,22,0,0,1,0,0,15,0,1,0,0,0,0,0,0,12,6,0,0,0,0,0,2,4,15,0,0,0,0,0,0,7,0,0,17,0,1,4,0,0,34,3,1,0,2,0,0,1,0,2,6,0,1,0,5,3,2,5,0,26,1,41,4,0,0,1,6,0,49,0,11,0,5,4,3,1,1,EL2012,9451,11822,1077,443,1520,0.128573845,0,EL12_231,1,0,39,C,39_C,JA,MOCK,B1,JAC,8,Frag,y,n,n,n,1,1,50991.96689,4.707501764,5,MC
27,EL12_236,3124,399,52,0,1,16,71,1,4836,133,0,11,103,13,21,110,0,0,0,25,0,0,0,0,84,0,3,0,0,0,0,3,0,0,2,0,466,4,0,4,2,0,0,2,21,0,0,0,0,8,0,0,2,1,0,26,0,0,0,0,0,15,32,19,4,0,18,10,1,2,1,4,0,1,60,17,0,0,16,0,0,2,0,0,18,1,0,2,2,1,0,0,0,6,30,1,0,0,0,0,1,0,13,0,0,0,0,1,5,3,0,7,5,0,4,13,0,0,58,0,0,0,0,1,3,0,0,0,5,0,1,0,1,0,5,0,76,0,0,2,4,0,0,1,0,2,9,3,6,0,7,2,0,1,1,EL2012,10047,12015,525,526,1051,0.087473991,0,EL12_236,1,0,39,C,39_C,JA,MOCK,D1,JAC,9,Half Leaf,y,n,y,y,1,3,NA,NA,NA,MC
28,EL12_237,167,209,164,0,0,10,406,0,56,0,0,0,23,2,0,4,0,0,0,0,0,0,0,0,1,0,0,0,0,0,0,0,0,0,0,0,0,1,0,0,0,0,0,0,0,0,0,0,0,0,0,0,0,0,0,2,0,0,0,0,0,0,0,2,0,3,0,1,19,3,1,1,0,0,0,1,0,0,0,0,6,1,5,0,1,10,2,0,1,33,0,0,0,0,0,0,0,0,0,0,0,2,2,0,0,0,0,0,0,1,0,0,0,0,0,1,0,0,0,0,1,0,1,1,0,0,0,0,0,0,0,0,1,3,0,0,0,5,0,5,1,0,0,0,0,0,0,3,0,0,0,0,0,0,0,EL2012,1162,5488,2512,1637,4149,0.75601312,0,EL12_237,1,0,40,C,40_C,JA,MOCK,B1,JAC,11,Half Leaf,n,n,n,n,0,0,63917.87659,4.805622339,5,MC
29,EL12_238,6006,1127,984,0,5,1,17,7,998,40,0,59,9,242,1091,249,0,20,8,3,1,0,0,2,137,0,0,0,77,9,0,2,0,38,0,0,28,9,0,16,2,9,0,0,33,1,0,0,0,2,0,0,3,6,0,27,21,0,15,0,0,21,3,35,62,20,39,28,0,2,1,6,0,6,34,24,13,4,37,2,0,12,7,46,27,0,4,1,8,0,4,0,0,17,30,1,0,375,0,0,2,8,17,0,0,2,1,5,22,15,0,3,17,0,1,6,31,0,30,11,2,0,10,0,1,4,9,2,9,0,1,0,4,11,29,4,15,0,1,0,8,0,0,2,7,0,47,0,15,0,7,10,5,4,0,EL2012,12551,15579,1733,89,1822,0.116952308,PNA,EL12_238,1,0,39,C,39_C,JA,MOCK,C1,JAC,3,2,y,n,y,y,1,3,2067187.5,6.31537987,5,MC
30,EL12_008,0,4708,5,0,0,229,0,21,0,0,0,0,0,0,0,0,0,0,1,0,0,0,0,0,0,0,0,3,0,0,0,0,0,0,0,0,0,50,0,0,0,0,0,0,0,0,0,10,0,0,0,0,15,45,0,1,0,0,0,0,0,0,0,0,0,0,0,0,0,24,18,21,0,16,0,0,0,23,0,0,10,32,21,0,0,0,19,0,23,0,0,0,0,0,0,0,2,0,0,0,14,0,0,3,0,0,0,0,0,0,0,0,0,0,18,0,0,0,0,0,10,0,0,6,0,0,1,0,0,0,5,0,0,0,0,0,0,0,0,0,0,0,0,0,0,1,0,6,0,0,0,0,1,0,14,EL2012,5376,10046,2687,1786,4473,0.445251842,0,EL12_008,1,0,2,TX,2_TX,JA,JA,A1,JATX,3,2,n,NA,NA,NA,0,0,271647.3073,5.434005404,2,JATX
31,EL12_010,0,59,0,0,0,1,3,0,0,0,0,0,0,0,0,0,0,0,0,0,0,0,0,2,0,0,0,0,0,0,0,0,0,0,0,0,0,0,0,0,0,0,0,0,0,0,0,0,0,0,0,0,0,2,0,0,0,0,0,0,0,0,0,0,0,0,0,0,0,1,0,0,0,0,0,0,0,0,0,0,2,1,0,0,0,0,0,0,0,0,0,0,1,0,0,0,0,0,0,0,1,0,0,2,0,0,0,0,0,0,0,0,0,0,0,0,0,0,0,0,0,0,0,0,0,0,0,0,0,0,0,0,0,0,0,0,0,0,0,0,0,0,0,0,0,0,0,0,0,0,0,0,0,0,0,EL2012,75,12016,7399,4480,11879,0.988598535,0,EL12_010,1,0,2,TX,2_TX,JA,JA,B1,JATX,6,2 (Frag),n,NA,NA,NA,0,0,1317.204301,3.11965314,3,JATX
32,EL12_038,759,7096,78,0,1,6,6,22,28,29,0,0,42,72,38,28,0,1,0,0,0,0,0,0,28,0,0,4,0,0,0,0,0,1,0,0,0,66,0,1,6,0,0,0,0,0,0,0,0,0,0,0,2,64,0,8,1,1,0,0,0,1,0,8,0,1,21,6,4,52,27,57,0,41,0,8,81,39,3,0,4,30,28,0,3,0,49,0,33,0,7,0,0,1,1,0,0,0,0,0,34,0,0,0,0,0,0,0,0,3,0,3,1,0,14,0,0,0,0,1,20,0,1,5,1,0,2,1,2,0,14,0,0,0,7,0,0,0,0,0,0,0,0,1,0,7,1,25,2,0,1,1,1,0,2,EL2012,9043,9562,146,33,179,0.018719933,0,EL12_038,1,0,26,TX,26_TX,JA,JA,D1,JATX,4,2,y,n,n,n,1,1,344332.9016,5.536978522,4,JATX
33,EL12_040,1847,87,300,0,0,396,152,0,0,70,0,241,0,48,0,83,0,0,0,0,0,0,0,0,38,0,0,649,0,0,0,0,0,0,0,0,27,1,0,0,35,0,0,0,0,0,0,0,0,0,0,0,0,2,0,13,0,13,0,0,0,42,0,11,0,13,3,16,0,0,0,0,0,1,0,19,0,0,18,0,12,1,1,0,21,0,1,0,1,0,0,0,16,7,0,0,3,0,0,0,0,1,6,1,2,0,0,0,0,5,0,1,2,0,0,8,0,0,0,3,1,0,0,0,1,5,0,6,9,0,0,0,2,5,0,1,0,2,1,3,4,0,0,1,2,0,0,0,2,0,5,8,0,4,0,EL2012,4279,7205,1888,686,2574,0.357251908,0,EL12_040,1,0,26,TX,26_TX,JA,JA,A1,JATX,12,2,y,n,n,n,1,1,265866.4913,5.424663604,4,JATX
34,EL12_049,0,0,6,0,0,0,0,0,0,0,0,0,0,0,0,0,0,0,0,0,0,0,0,0,0,0,0,6,11,0,0,0,0,0,0,0,0,0,0,0,0,0,0,0,0,0,0,0,0,0,0,0,0,0,0,0,0,7,0,0,0,0,0,0,0,0,0,0,0,0,0,0,0,0,0,0,0,0,0,0,2,0,0,0,0,0,0,0,0,0,0,0,0,0,0,0,0,0,0,0,0,0,0,0,0,0,0,0,0,0,0,0,0,0,0,0,0,0,0,0,0,0,0,0,0,0,0,0,0,0,0,0,0,0,0,0,0,0,0,0,0,0,6,0,0,0,0,0,0,0,0,0,0,0,0,EL2012,38,4572,1388,3122,4510,0.986439195,PNA,EL12_049,1,0,14,TX,14_TX,JA,JA,C1,JATX,9,Half Leaf,n,n,n,n,0,0,0,0,0,JATX
35,EL12_054,5,4,23,0,5,0,0,0,0,0,0,1,0,0,0,0,0,0,0,0,0,0,0,0,0,0,0,87,0,0,0,0,0,3,0,0,0,0,0,0,0,0,0,0,0,0,0,0,0,0,0,0,0,0,0,0,0,0,0,0,0,0,0,0,17,1,0,0,0,0,0,0,0,0,0,0,0,0,0,0,32,0,0,0,0,0,0,0,0,10,0,0,6,0,0,0,0,0,0,0,0,1,0,1,0,0,0,0,0,0,0,0,0,0,0,0,0,0,0,1,0,5,0,0,0,1,0,0,0,0,0,0,0,0,0,0,0,0,0,0,0,0,21,0,0,0,0,0,0,0,0,0,0,1,0,EL2012,225,7439,2335,4668,7003,0.941389972,0,EL12_054,1,0,14,TX,14_TX,JA,JA,D1,JATX,8,2,n,yn,n,n,0,0,0,0,0,JATX
36,EL12_055,3123,31,735,0,1019,347,1,8,27,12,0,1268,7,85,422,134,0,49,0,10,13,0,2,0,73,0,0,0,1367,37,130,0,0,479,0,0,17,1,0,0,0,132,0,0,2,2,0,24,0,0,67,0,6,0,0,20,4,0,8,0,0,16,0,15,2,14,70,8,0,0,4,0,88,0,5,14,773,0,17,1,0,0,2,0,21,0,0,0,0,0,39,0,0,5,0,0,32,214,0,16,0,11,3,0,0,58,0,0,0,10,5,1,7,0,1,7,79,0,3,4,0,0,4,0,0,4,0,1,3,0,1,0,2,1,0,5,1,0,5,0,3,0,0,2,6,7,2,0,6,0,2,4,4,2,0,EL2012,11272,13489,1023,8,1031,0.076432649,PNA,EL12_055,1,0,26,TX,26_TX,JA,JA,C1,JATX,4,2,y,y,y,n,1,3,4306102.362,6.634084349,5,JATX
37,EL12_057,7,4,7,0,0,1,1,6,15,11,0,0,6,0,0,0,0,1,0,0,0,0,0,4,0,0,0,7,0,0,0,0,0,0,0,0,0,0,0,0,0,0,0,0,0,0,1,0,0,0,0,0,0,0,0,0,0,2,0,0,0,0,0,0,0,0,0,0,0,0,0,0,0,0,0,0,0,0,0,0,6,0,0,0,0,0,0,0,0,0,0,0,0,0,0,0,0,0,0,0,0,0,0,0,0,0,0,0,0,0,0,0,0,0,0,0,0,0,0,0,0,0,0,0,0,0,0,0,0,0,0,0,0,0,0,0,0,0,0,0,0,0,0,0,3,0,0,0,0,0,0,0,0,0,0,EL2012,82,7503,3022,4366,7388,0.984672798,0,EL12_057,1,0,35,TX,35_TX,JA,JA,B1,JATX,12,Half Leaf,n,y,n,n,1,1,138372.093,5.14104851,2,JATX
38,EL12_072,5477,1200,1418,0,1532,29,0,895,1184,1,0,377,13,65,556,261,0,26,188,0,0,0,0,7,103,0,0,5,6,4,0,0,0,304,0,0,16,9,0,0,0,82,0,0,0,6,0,4,0,0,0,0,5,11,0,40,0,5,0,0,0,18,0,40,0,30,96,5,0,9,4,4,6,7,68,26,0,5,14,12,1,5,5,0,13,0,4,0,3,0,26,0,0,18,29,0,4,24,0,69,4,13,8,0,0,8,0,0,0,18,27,0,9,0,9,10,0,0,8,13,1,0,6,0,0,7,0,6,13,0,5,0,9,7,21,10,21,0,9,0,7,0,0,2,12,16,10,1,4,13,4,9,8,4,4,EL2012,14710,29801,13916,55,13971,0.468809771,0,EL12_072,1,0,35,TX,35_TX,JA,JA,D1,JATX,5,2,n,n,y,n,1,1,4537826.087,6.656847847,3,JATX
39,EL12_073,634,9337,268,0,541,359,12,3185,1280,5,1,0,36,19,194,26,0,45,0,0,0,0,0,0,12,0,1,2,7,2,0,0,0,2057,0,0,20,103,0,0,2,0,0,0,0,0,0,116,0,0,5,0,109,51,0,2,0,0,0,0,0,3,0,5,0,7,38,2,0,43,17,42,39,46,130,0,0,37,2,1,0,39,35,0,2,0,44,0,38,0,2,0,0,3,98,0,10,0,0,54,37,1,4,0,0,2,0,0,0,3,19,0,1,0,18,0,0,0,3,2,14,0,1,4,0,2,2,1,0,0,11,0,1,0,9,1,38,0,4,0,0,0,0,2,2,22,1,12,2,0,0,1,1,1,1,EL2012,19391,24582,3867,15,3882,0.15792043,PNA,EL12_073,1,0,35,TX,35_TX,JA,JA,C1,JATX,3,2,n,y,y,n,1,2,72112247.92,7.858009034,5,JATX
40,EL12_075,74,9,3,0,0,0,0,0,2,0,0,1,2,0,0,6,0,0,0,0,0,0,0,0,2,0,0,61,0,1,0,0,0,0,0,0,0,0,0,0,0,0,0,0,0,0,1,0,0,0,0,0,0,0,0,0,0,3,0,0,0,0,0,1,0,0,0,0,0,0,0,0,0,0,0,0,0,0,0,0,0,0,0,0,0,0,0,0,0,0,0,0,0,0,0,0,0,0,0,0,0,0,0,0,0,0,2,0,0,0,0,0,0,0,0,0,0,1,0,0,0,1,0,0,0,0,0,0,0,0,0,0,0,0,0,0,0,0,0,0,0,0,3,0,0,0,0,0,0,0,0,0,0,0,0,EL2012,173,12554,11389,934,12323,0.98159949,0,EL12_075,1,0,35,TX,35_TX,JA,JA,A1,JATX,5,2,n,n,n,y,1,1,9404.408123,3.973331468,1,JATX
41,EL12_127,2579,672,14,0,0,1,1,44,39,0,0,0,0,6,296,100,0,3,0,174,0,0,0,0,56,0,0,0,0,0,0,318,0,21,31,0,1,9,0,10,1,0,0,0,107,0,0,1,0,0,0,0,0,3,0,15,0,0,0,0,2,9,0,16,0,0,21,11,0,10,1,0,0,9,0,13,0,2,11,0,1,2,3,0,7,0,1,0,4,4,0,0,1,7,8,0,0,0,0,0,4,0,2,0,0,0,0,0,0,7,0,0,14,0,0,5,0,0,7,1,2,0,0,1,0,0,0,0,1,0,0,0,1,0,8,0,0,0,0,0,7,0,0,0,0,0,1,3,0,0,7,1,0,0,3,EL2012,4720,13609,8448,10,8458,0.621500478,0,EL12_127,1,0,16,TX,16_TX,JA,JA,A1,JATX,3,2,y,n,y,n,1,2,14537480.83,7.162489155,6,JATX
42,EL12_128,26,1,3,0,0,0,2,0,0,0,0,0,0,0,0,0,0,0,0,7,0,0,0,0,1,0,0,0,0,0,0,0,0,0,0,0,0,0,0,0,0,0,0,0,0,0,0,0,0,1,0,0,0,0,0,0,0,0,0,0,0,0,0,0,0,0,0,0,0,0,0,0,0,0,0,0,0,0,0,0,1,0,0,0,0,0,0,0,0,0,0,0,0,0,0,0,0,0,0,0,0,0,0,0,0,0,0,0,0,0,0,0,0,0,0,0,0,0,0,0,0,0,0,0,0,1,0,0,0,0,0,0,0,0,0,0,0,0,0,0,0,0,0,0,0,0,0,0,0,0,0,0,0,0,0,EL2012,43,12837,12711,66,12777,0.995326011,0,EL12_128,1,0,16,TX,16_TX,JA,JA,B1,JATX,5,2,y,n,n,n,1,1,63094.29477,4.79999009,3,JATX
43,EL12_129,654,1446,139,0,0,2,171,2,323,0,0,0,5,6,8,23,0,0,0,571,0,0,0,0,11,0,0,0,0,0,0,0,0,0,0,0,0,18,0,0,1,0,0,2,74,0,0,0,0,122,4,0,0,8,0,4,0,0,0,0,0,2,0,7,0,6,1,3,0,9,3,10,0,12,4,0,0,10,3,0,15,10,6,0,3,35,4,0,5,0,0,0,6,3,14,0,0,0,0,0,7,2,0,21,0,0,0,14,7,5,0,0,8,10,3,2,0,0,2,0,2,0,1,13,0,0,0,0,2,0,0,0,2,1,2,0,2,2,1,1,0,0,7,0,1,1,5,0,2,0,1,0,0,2,0,EL2012,3894,9301,3783,1211,4994,0.536931513,0,EL12_129,1,0,16,TX,16_TX,JA,JA,C1,JATX,3,2,y,n,n,y,1,2,1635461.373,6.213640291,4,JATX
44,EL12_130,20,14,24,0,1,0,20,0,0,0,0,0,3,0,0,1,0,0,0,0,0,0,0,0,0,0,0,0,0,0,0,0,0,0,0,0,0,0,0,0,0,0,0,0,0,0,0,0,0,0,0,0,0,0,0,0,0,5,0,0,0,0,0,0,0,0,0,0,0,0,0,0,0,0,0,0,0,0,0,0,12,0,0,0,0,0,0,0,0,0,0,0,0,0,0,0,0,0,0,0,0,1,0,14,0,0,0,0,0,0,0,0,0,0,0,0,0,1,0,0,0,0,0,0,0,0,0,0,0,0,0,13,0,0,0,0,0,0,0,0,0,0,13,0,0,0,0,0,0,0,0,0,0,0,0,EL2012,142,10071,9011,887,9898,0.982821964,0,EL12_130,1,0,16,TX,16_TX,JA,JA,D1,JATX,6,2,y,n,n,n,1,1,0,0,0,JATX
45,EL12_165,2570,194,255,0,0,10,122,0,929,27,0,0,0,26,0,104,0,0,0,0,0,0,0,0,44,0,0,0,0,0,0,0,0,0,1,0,0,4,0,0,5,0,0,0,3,0,0,0,0,1,0,0,0,0,0,21,0,2,0,0,0,13,26,24,0,3,0,12,10,3,0,0,0,0,5,14,0,0,10,0,0,2,0,0,11,0,1,0,2,0,0,0,0,13,1,0,0,0,0,0,3,1,12,0,0,0,163,0,0,13,0,0,8,0,0,9,0,0,5,2,0,0,1,2,0,0,0,4,4,0,0,12,1,2,0,1,21,3,2,1,6,0,11,1,3,0,0,1,6,0,1,7,0,1,0,EL2012,4775,9199,1842,2321,4163,0.45254919,0,EL12_165,1,0,17,TX,17_TX,JA,JA,A1,JATX,5,2,n,n,n,y,1,1,435.0142045,2.638503438,2,JATX
46,EL12_166,175,67,5,0,0,11,21,0,1,0,0,0,98,0,0,6,0,0,0,0,0,0,0,0,6,0,0,3,0,0,0,0,0,0,0,0,0,1,0,0,0,0,0,0,0,0,0,0,0,0,0,0,0,1,0,1,1,0,0,0,0,0,1,2,0,0,0,0,0,0,0,0,0,1,0,2,0,2,0,0,0,0,1,0,0,0,1,0,0,0,0,0,0,2,2,0,0,0,0,0,0,0,1,5,0,0,0,0,0,2,0,0,2,0,0,0,0,0,0,0,0,3,0,0,0,0,1,0,1,0,0,0,0,0,0,0,0,1,0,1,0,0,2,0,0,0,0,0,0,0,0,0,0,0,0,EL2012,430,8960,1186,7263,8449,0.94296875,0,EL12_166,1,0,17,TX,17_TX,JA,JA,B1,JATX,3,2,y,n,y,n,1,2,6065.979657,3.78290095,1,JATX
47,EL12_167,554,59,276,0,0,0,1,0,3,0,0,0,0,0,0,16,0,2,0,0,0,0,0,0,10,0,0,0,0,0,0,4,0,0,23,0,0,0,0,0,30,0,0,0,10,0,0,0,0,0,0,0,0,1,0,6,0,0,0,0,0,8,30,6,0,3,0,2,4,0,0,0,0,0,0,3,0,0,1,0,17,0,0,5,0,2,0,0,0,8,0,0,0,5,0,2,0,0,0,0,0,5,1,0,0,0,0,0,0,0,0,0,0,34,0,1,0,0,0,1,0,0,4,1,0,1,0,9,1,0,1,3,3,0,0,1,0,0,0,0,3,0,3,5,1,0,1,0,1,0,1,0,3,5,0,EL2012,1180,9649,1695,6669,8364,0.866825578,0,EL12_167,1,0,17,TX,17_TX,JA,JA,C1,JATX,10,Frag,n,n,y,y,1,2,31805.66483,4.502504478,3,JATX
48,EL12_211,509,8290,1580,0,31,96,11,117,711,0,0,278,0,151,1762,16,0,8,318,5,0,1,0,0,17,0,0,0,0,62,0,0,0,38,0,0,21,86,0,6,5,112,0,0,42,80,0,20,0,0,0,0,35,52,0,2,0,0,1,0,0,1,0,4,0,28,30,1,0,49,22,45,3,54,111,3,0,33,2,0,0,34,36,0,2,0,37,0,42,0,82,0,0,3,60,16,1,28,0,3,33,8,0,0,0,0,0,0,0,3,7,0,0,0,14,2,0,0,2,21,21,0,5,4,0,6,68,14,0,0,14,0,7,10,11,13,11,0,7,1,0,0,0,7,5,10,43,17,2,9,1,1,5,5,0,EL2012,15580,19364,2416,80,2496,0.128898988,PNA,EL12_211,1,0,39,TX,39_TX,JA,JA,A1,JATX,3,2,n,y,y,y,1,3,90548387.1,7.956880719,3,JATX
49,EL12_223,632,0,1,0,0,0,36,4,1,3,0,0,0,0,1,11,0,1,10,0,0,0,0,0,18,0,0,0,0,0,0,0,0,0,0,0,10,0,0,0,0,0,0,1,0,1,0,0,0,0,0,0,0,0,0,8,0,1,0,0,0,4,0,6,0,0,0,1,0,0,0,0,0,0,0,3,0,0,4,0,23,0,0,0,1,0,0,0,0,0,0,0,11,5,0,0,0,0,0,0,0,0,4,0,0,0,0,0,0,2,0,0,0,0,0,1,0,9,0,0,0,0,0,0,0,0,0,0,3,0,0,0,0,0,0,0,0,0,0,0,3,0,0,0,0,0,0,0,3,0,2,2,0,0,0,EL2012,826,8876,4478,3394,7872,0.886885985,0,EL12_223,1,0,40,TX,40_TX,JA,JA,D1,JATX,14,Whole Leaf,y,n,n,n,1,1,NA,NA,NA,JATX
50,EL12_224,191,414,2557,0,9,1421,146,774,38,0,0,0,15,10,90,13,0,0,0,70,0,0,4,0,4,0,1,1,0,0,0,0,0,0,0,0,39,5,0,0,0,48,0,0,0,0,0,68,0,5,0,0,31,4,0,2,0,0,0,0,0,0,0,1,0,44,4,3,0,3,3,4,44,4,1,1,0,5,0,0,4,2,3,3,1,0,1,0,1,0,2,0,5,0,4,0,57,0,0,0,2,32,0,0,0,0,0,0,0,2,0,0,1,0,7,0,0,41,3,18,1,35,12,0,0,21,4,24,1,0,1,0,16,13,0,18,0,1,8,4,0,0,0,11,13,1,0,1,0,0,0,1,14,11,0,EL2012,6477,19161,11962,358,12320,0.642972705,0,EL12_224,1,0,40,TX,40_TX,JA,JA,B1,JATX,4,2,y,n,n,n,1,1,5335.365854,3.727164205,4,JATX
51,EL12_227,304,15572,775,0,1,1455,66,44,724,1,0,5,3,11,48,7,0,0,0,1,1,0,0,3,4,0,0,0,0,0,0,0,0,0,1,0,0,184,0,0,0,4,0,0,0,0,0,576,0,22,0,0,657,121,0,2,0,0,0,0,0,2,0,0,0,12,21,0,21,79,27,51,0,73,128,3,0,72,2,0,0,56,69,0,0,0,72,0,61,0,12,0,0,1,94,0,2,0,0,0,44,5,2,0,0,0,0,0,0,2,0,0,0,0,24,1,0,3,3,15,23,0,4,13,0,3,11,2,0,0,29,0,4,6,13,4,5,2,1,1,0,0,0,4,3,8,0,22,0,0,0,0,2,1,74,EL2012,21784,23877,1091,8,1099,0.046027558,PNA,EL12_227,1,0,40,TX,40_TX,JA,JA,A1,JATX,5,Half Leaf,n,y,y,n,1,2,115705128.2,8.063352608,5,JATX
52,EL12_229,1538,2178,125,0,0,28,823,6,323,12,0,0,0,10,4,63,0,0,0,0,0,0,0,0,35,0,0,0,0,0,0,2,0,0,1,0,0,25,0,2,0,0,0,0,4,0,0,1,0,15,0,0,4,19,0,11,0,2,0,0,0,4,0,13,0,5,20,2,1,11,4,8,0,4,17,7,0,9,5,0,1,14,12,0,3,0,8,0,10,0,2,0,1,4,33,0,0,0,0,0,6,3,4,0,0,0,4,3,0,7,0,1,5,3,4,4,0,1,4,0,9,4,1,0,0,0,1,1,3,0,0,0,0,1,5,1,1,20,0,9,4,0,0,1,1,1,0,4,4,0,1,4,0,0,5,EL2012,5559,7568,418,1199,1617,0.213662791,0,EL12_229,1,0,39,TX,39_TX,JA,JA,C1,JATX,12,Whole Leaf,y,n,n,y,1,2,NA,NA,NA,JATX
53,EL12_232,3385,4377,460,0,0,0,56,64,291,0,0,10,0,88,699,131,0,3,0,1,0,0,0,0,64,0,0,0,0,0,0,0,0,1,0,0,14,55,0,0,0,8,0,0,0,86,0,5,0,3,0,0,2,27,0,19,0,0,0,0,0,7,0,17,0,4,136,11,0,21,9,12,0,19,36,16,0,24,13,0,0,11,17,0,7,0,16,0,11,0,2,0,0,12,45,0,0,0,0,0,11,1,4,0,0,0,0,0,0,8,5,0,13,0,9,9,0,2,9,7,7,0,1,3,0,1,3,2,5,0,4,0,1,1,62,1,8,1,0,1,7,0,0,1,0,2,16,13,5,0,2,4,2,0,24,EL2012,10550,12011,670,35,705,0.058696195,0,EL12_232,1,0,39,TX,39_TX,JA,JA,D1,JATX,3,2 Frag,n,n,y,y,1,2,6465277.778,6.810587189,2,JATX
54,EL12_239,728,613,4427,0,154,635,165,26,199,5,0,411,5,593,1022,27,0,44,0,2,0,0,0,0,17,0,0,0,0,9,0,0,0,0,22,0,39,7,0,0,0,210,0,1,1,1,0,32,0,6,0,0,31,6,0,5,0,0,0,0,0,1,0,4,0,79,12,3,0,2,2,3,23,4,17,4,0,3,0,0,0,4,1,2,6,0,4,0,1,1,23,0,0,1,5,0,10,0,0,9,0,33,4,0,0,0,0,0,0,4,0,0,0,0,4,0,0,0,3,23,3,0,15,2,0,24,0,36,0,0,0,0,32,24,3,25,3,4,24,3,1,0,0,16,20,1,49,0,2,0,0,1,19,17,0,EL2012,10062,17063,6425,45,6470,0.379183028,0,EL12_239,1,0,40,TX,40_TX,JA,JA,C1,JATX,5,Whole Leaf,n,n,y,y,1,2,NA,NA,NA,JATX
55,EL12_060,0,0,2,0,0,0,0,0,0,0,0,0,0,0,0,0,0,0,0,0,0,0,0,0,0,0,0,45,0,0,0,0,0,0,0,0,0,0,0,0,0,0,0,0,0,0,0,0,0,0,0,0,0,0,0,0,0,59,0,0,0,0,0,0,0,0,0,0,3,0,0,0,0,0,0,0,0,0,0,0,30,0,0,0,0,0,0,0,0,0,0,0,0,0,0,0,0,0,0,0,0,0,0,4,0,0,0,0,0,0,0,0,0,0,0,0,0,2,0,0,0,0,0,0,0,0,0,0,0,0,0,0,0,0,0,0,0,0,0,0,0,0,1,0,0,0,0,0,0,0,0,0,0,0,0,EL2012,146,8418,2918,5281,8199,0.973984319,0,EL12_060,1,0,36,C,36_C,M,MOCK,B1,MC,6,2,y,n,n,y,1,2,NA,NA,NA,MC
56,EL12_061,6,246,560,0,0,29,739,0,1,8,0,0,1,97,0,0,1,0,0,0,0,0,0,0,0,0,0,95,0,0,0,0,0,0,10,0,0,6,0,0,0,0,0,2,1,0,0,0,0,0,0,0,0,3,0,0,0,0,0,0,0,0,0,0,0,13,0,0,12,1,0,1,0,3,0,0,2,0,0,0,0,0,0,0,0,0,2,0,1,0,0,0,3,0,4,0,0,0,0,0,1,5,0,0,0,0,0,0,0,0,0,0,0,0,1,0,0,2,0,2,0,2,5,0,0,8,0,2,0,0,0,0,7,2,0,5,0,10,1,14,0,0,2,3,1,0,0,1,0,0,0,0,5,1,0,EL2012,1927,10069,3095,4902,7997,0.794219883,0,EL12_061,1,0,36,C,36_C,M,MOCK,C1,MC,4,2,y,n,n,n,1,1,19773.8794,4.296091881,6,MC
57,EL12_062,383,1,0,0,0,10,16,0,0,35,0,0,1,0,0,12,0,0,0,0,0,0,0,0,7,0,0,87,0,0,0,0,0,6,0,0,0,0,0,0,0,1,0,0,0,0,0,0,0,8,0,0,0,0,0,2,0,0,0,0,0,5,0,1,0,0,0,1,0,0,0,0,0,0,0,0,3,0,0,0,20,0,0,0,3,0,0,0,0,0,0,0,0,3,0,0,0,0,0,0,0,0,4,10,0,0,0,0,0,0,0,1,0,0,0,0,0,0,0,0,0,0,0,0,3,0,0,0,0,0,0,43,0,0,0,0,0,0,0,0,2,0,15,0,0,0,0,0,1,0,1,1,0,0,0,EL2012,686,7338,2736,3772,6508,0.886890161,0,EL12_062,1,0,36,C,36_C,M,MOCK,D1,MC,9,2,yn,n,n,n,0,0,NA,NA,NA,MC
58,EL12_068,219,108,23,0,0,0,6,2,0,133,0,0,0,0,0,9,0,0,0,0,0,0,0,0,5,0,0,495,0,0,0,0,0,0,52,0,0,0,0,0,4,0,0,0,0,0,0,0,0,0,0,0,0,1,0,4,0,59,0,0,0,1,0,3,0,0,0,0,0,2,0,0,0,0,0,1,0,1,2,0,3,0,0,0,1,0,0,0,0,0,0,0,3,0,0,0,0,0,0,0,0,0,0,9,0,0,0,0,0,0,0,6,0,0,0,0,0,28,0,0,1,2,0,0,6,0,0,0,1,0,0,1,0,0,0,0,0,0,0,0,0,0,22,1,0,0,0,0,0,0,0,2,0,0,0,EL2012,1216,8745,3072,4209,7281,0.832590051,0,EL12_068,1,0,36,C,36_C,M,MOCK,A1,MC,5,2,n,n,n,n,0,0,NA,NA,NA,MC
59,EL12_081,1,28,74,0,5,0,57,0,0,0,0,0,0,0,0,0,0,0,0,0,0,0,0,0,0,0,1183,1,0,0,0,0,0,0,0,0,0,0,0,0,0,0,0,0,0,0,0,0,0,0,0,0,0,0,0,0,0,1,0,0,0,0,0,0,0,1,0,0,0,0,0,0,0,0,0,0,0,0,0,0,0,0,0,0,0,0,0,0,1,0,0,0,0,0,0,0,0,0,0,0,0,3,0,0,0,0,0,0,0,0,0,0,0,0,0,0,0,308,0,0,0,534,0,0,0,2,0,0,0,0,0,0,0,0,0,0,0,0,1,0,0,0,1,0,0,0,0,0,0,0,0,0,0,0,0,EL2012,2201,5757,995,1625,2620,0.455098141,0,EL12_081,1,0,10,C,10_C,M,MOCK,D1,MC,4,2,y,n,n,n,1,1,1786.187699,3.251927094,4,MC
60,EL12_082,1741,112,23,0,0,11,108,0,0,2,0,7,26,23,0,77,0,0,0,3,0,0,0,0,43,0,0,0,0,0,0,97,0,0,1,0,0,0,0,33,4,0,0,0,6,0,0,0,0,7,0,0,0,0,22,13,13,0,0,0,0,38,0,10,13,0,0,6,0,1,0,0,0,1,0,15,0,1,6,0,1,1,1,2,5,8,0,0,0,2,0,0,0,10,1,0,1,0,0,0,1,1,11,0,0,0,43,0,5,4,0,0,5,1,0,5,0,0,2,0,0,0,0,0,0,0,0,0,2,27,0,1,0,0,0,0,0,2,0,2,5,2,0,0,3,0,0,0,6,0,0,3,0,1,0,EL2012,2627,18441,14684,949,15633,0.8477306,PNA,EL12_082,1,0,10,C,10_C,M,MOCK,C1,MC,1,2,y,n,n,n,1,1,142959.0249,5.155211577,5,MC
61,EL12_083,1577,4080,94,0,0,1611,571,25,53,14,0,28,370,53,0,59,0,0,0,244,0,0,1,0,40,0,0,5,0,0,0,10,0,0,10,0,0,66,0,2,3,3,0,2,0,0,0,59,0,213,0,0,58,42,0,6,0,3,0,0,0,10,0,13,0,3,14,7,5,20,16,34,1,24,3,14,0,19,8,0,11,25,15,0,1,0,20,0,17,0,5,0,0,5,17,0,7,0,0,0,13,4,4,3,0,0,26,0,0,7,1,0,5,0,14,9,0,238,0,1,13,215,2,1,0,0,0,0,4,16,7,3,1,2,3,0,0,12,0,8,1,0,2,0,2,5,0,9,3,0,4,3,0,0,1,EL2012,10258,14571,1850,1416,3266,0.224143847,PNA,EL12_083,1,0,10,C,10_C,M,MOCK,B1,MC,5,2,y,n,n,n,1,1,127674.1635,5.106103021,4,MC
62,EL12_084,227,1963,22,0,10,0,60,8,0,0,0,0,299,0,0,9,0,0,0,0,0,0,0,0,2,0,0,0,0,0,0,0,0,0,2,0,0,24,0,0,0,0,0,0,12,0,0,0,0,0,0,0,0,16,0,1,0,0,0,0,0,1,0,5,0,1,0,0,0,11,9,6,0,4,0,1,0,10,1,0,1,14,4,0,3,0,8,0,5,0,0,0,0,0,4,0,0,0,0,0,4,1,0,2,0,0,2,0,0,3,1,0,1,0,4,1,0,0,0,1,5,0,1,0,0,0,12,1,1,0,1,0,0,0,1,0,0,0,0,0,0,0,8,0,0,1,0,4,0,0,12,0,0,0,0,EL2012,2810,9115,4541,1641,6182,0.67822271,0,EL12_084,1,0,10,C,10_C,M,MOCK,A1,MC,12,Half Leaf,y,n,n,n,1,1,82584.26966,4.916897332,4,MC
63,EL12_088,16,58,4242,0,0,1,0,0,0,0,0,0,0,1378,0,1,0,0,0,0,0,0,0,0,2,0,0,0,0,0,0,0,0,0,1,0,0,1,0,0,0,0,0,0,0,0,0,0,0,0,0,0,0,0,0,1,0,0,0,0,0,0,0,1,0,59,0,0,0,0,0,0,0,0,0,0,0,0,0,0,0,0,1,0,0,0,0,0,0,0,0,0,0,0,0,0,0,0,0,0,0,33,0,0,0,0,0,0,0,0,0,0,0,0,0,0,0,0,0,26,0,0,15,0,0,18,0,20,0,0,0,0,30,11,0,25,0,0,14,0,0,0,0,12,15,0,0,0,0,0,0,0,16,7,0,EL2012,6004,12013,5865,14,5879,0.489386498,0,EL12_088,1,0,7,C,7_C,M,MOCK,A1,MC,9,2,n,y,y,n,1,2,NA,NA,NA,MC
64,EL12_089,620,21,9,0,0,0,51,0,0,0,0,0,49,62,0,28,0,0,0,0,0,0,0,0,8,0,2,0,0,0,0,0,0,0,0,0,0,0,0,0,0,0,0,0,0,0,0,0,0,0,0,0,0,0,0,5,0,0,0,0,0,3,0,2,0,1,0,4,0,0,0,0,0,0,0,6,0,0,1,0,1,0,1,0,3,0,0,0,0,0,0,0,0,1,0,0,0,0,0,0,0,0,3,4,0,0,0,0,0,3,0,0,2,0,0,1,0,0,0,0,0,0,0,0,0,0,0,0,0,0,2,0,0,0,0,0,0,0,0,2,0,0,2,0,0,0,0,1,1,0,2,0,0,0,0,EL2012,901,4881,2811,1078,3889,0.796762958,0,EL12_089,1,0,7,C,7_C,M,MOCK,C1,MC,8,Half Leaf,y,y,n,n,1,2,NA,NA,NA,MC
65,EL12_090,85,59,42,0,0,165,0,0,0,5,0,0,0,0,0,5,0,4479,0,0,0,0,0,0,3,0,158,0,0,0,0,0,0,4,0,0,0,1,0,0,0,0,0,0,0,0,0,0,0,0,0,0,0,0,0,0,0,0,0,0,0,4,0,0,0,2,0,0,0,0,0,0,0,0,0,0,0,0,1,0,11,0,0,0,0,0,0,0,0,0,0,0,0,0,1,0,0,0,0,0,0,0,1,0,0,0,0,0,0,0,0,0,0,0,0,0,0,0,0,0,0,0,0,1,0,0,0,0,0,0,0,0,0,0,0,0,0,0,1,0,1,0,14,0,0,1,0,0,1,0,0,0,0,0,0,EL2012,5045,6416,907,302,1209,0.188435162,0,EL12_090,1,0,7,C,7_C,M,MOCK,B1,MC,2,Half Leaf,y,y,n,n,1,2,NA,NA,NA,MC
66,EL12_102,11,8,3,0,0,153,8,0,0,0,0,0,5,0,0,1,0,2,0,0,0,0,0,0,0,0,0,4,0,0,0,0,0,0,0,0,0,0,0,0,0,0,0,0,0,0,0,0,0,0,0,0,0,0,0,0,1,1,0,0,0,0,0,0,0,0,0,0,0,0,0,0,0,0,0,0,0,2,0,0,0,0,0,9,0,0,0,0,0,0,0,0,2,0,0,0,0,0,0,0,0,0,0,0,0,0,0,0,0,0,0,0,0,0,0,0,0,0,0,0,0,0,0,0,0,0,0,1,0,0,0,0,0,0,0,0,0,1,0,0,0,0,27,0,0,0,0,0,0,0,0,0,0,0,0,EL2012,239,13215,5448,7465,12913,0.977147181,0,EL12_102,1,0,11,C,11_C,M,MOCK,A1,MC,8,Half Leaf,n,n,n,n,0,0,0,0,0,MC
67,EL12_104,1375,17,30,0,0,90,0,0,1,26,4,0,23,3,1,34,0,0,0,0,0,0,0,0,23,0,0,1,0,1,0,151,0,0,89,0,0,0,0,25,24,0,0,0,15,0,0,0,0,0,0,0,0,1,117,6,107,0,0,0,0,4,44,12,0,1,0,4,14,0,0,0,0,0,0,8,0,0,2,0,13,0,0,0,15,33,0,0,0,104,0,0,0,1,0,0,1,0,0,0,4,0,1,21,0,0,0,0,0,4,0,1,5,16,0,5,0,0,0,0,0,0,0,0,1,1,0,1,3,88,0,0,1,0,0,0,0,0,0,0,2,64,0,0,0,0,0,0,4,0,2,4,0,0,0,EL2012,2648,16429,8483,4965,13448,0.818552559,0,EL12_104,1,0,11,C,11_C,M,MOCK,B1,MC,1,Half Leaf,yn,n,n,n,0,0,478814.8843,5.680167642,2,MC
68,EL12_105,5083,2111,35,1,0,1485,1302,11,1765,0,0,0,208,28,0,199,0,0,0,54,1,0,0,0,95,0,0,13,0,0,0,0,0,1,0,0,1,27,0,5,0,0,0,1,0,0,0,31,0,354,0,0,35,21,0,30,0,0,0,0,0,18,0,29,0,0,32,21,0,9,6,9,0,19,28,42,0,12,18,0,0,18,8,0,18,0,10,0,10,12,2,0,2,23,20,0,1,0,0,0,4,0,23,9,0,0,5,0,0,21,0,0,14,0,7,17,0,0,16,0,8,0,0,26,0,1,1,0,19,0,3,0,0,0,11,0,35,18,0,17,18,0,1,1,0,1,0,7,7,0,7,11,0,3,0,EL2012,13575,22454,3027,4975,8002,0.356373029,0,EL12_105,1,0,11,C,11_C,M,MOCK,C1,MC,2,Half Leaf,y,n,n,y,1,2,101396.2161,5.006021748,6,MC
69,EL12_106,46,13,45,0,0,421,57,0,3,0,0,0,0,0,0,2,0,4,0,0,0,0,0,0,0,0,0,4,0,0,0,0,0,0,0,0,0,0,0,0,0,0,0,0,0,0,0,1,0,0,0,0,2,0,0,1,0,0,0,0,0,0,0,2,0,2,0,0,1,0,0,0,0,0,0,0,0,0,0,0,2,0,0,0,0,0,0,0,0,0,0,0,0,0,0,0,3,0,0,0,0,0,0,0,0,0,0,0,0,0,0,0,0,0,0,0,0,0,0,1,0,0,2,0,0,1,0,0,1,0,0,3,0,0,0,0,0,0,1,0,0,0,29,0,0,0,0,0,0,0,0,0,0,0,0,EL2012,647,9531,3993,4840,8833,0.926765292,0,EL12_106,1,0,11,C,11_C,M,MOCK,D1,MC,6,Frags,y,n,n,n,1,1,1729.615249,3.237949506,1,MC
70,EL12_109,2,21,25,0,0,103,1,23,23,0,1,0,88,0,0,0,0,194,0,0,0,0,0,0,0,0,0,0,0,0,0,0,0,0,0,0,0,3,0,4,0,0,0,0,0,0,0,0,0,0,0,0,0,0,0,0,0,0,4,0,0,0,0,0,0,1,0,0,0,0,0,0,0,1,0,0,0,0,0,0,0,0,1,0,0,0,0,0,0,0,0,0,19,0,0,0,0,0,0,0,0,0,0,34,0,0,0,0,0,0,0,0,0,0,0,0,0,0,0,0,0,0,0,0,0,1,0,2,0,0,0,0,0,0,0,2,1,0,0,0,0,0,0,0,1,0,0,0,0,0,0,0,0,1,0,EL2012,556,12448,7897,3874,11771,0.945613753,0,EL12_109,1,0,13,C,13_C,M,MOCK,C1,MC,NA,Half Leaf,n,n,n,y,1,1,62645.51804,4.796890005,7,MC
71,EL12_110,10,7,149,0,0,1301,22,0,255,0,0,0,0,0,0,0,0,0,0,0,0,0,0,0,0,0,0,0,0,0,0,0,0,0,0,0,0,0,0,0,0,0,0,0,0,0,0,2,0,0,0,0,0,0,0,0,0,18,0,0,0,0,0,0,0,1,0,0,0,0,0,0,0,0,1,0,0,0,0,0,42,0,0,2,0,0,0,0,0,0,0,0,10,0,0,0,4,0,0,0,0,0,1,2,0,0,0,0,0,0,0,0,0,0,0,0,0,0,0,0,0,0,1,0,0,0,0,0,0,0,0,33,0,0,0,0,3,0,1,0,0,0,35,1,1,0,0,0,0,0,0,0,1,0,1,EL2012,1904,13094,6533,4458,10991,0.839392088,0,EL12_110,1,0,13,C,13_C,M,MOCK,D1,MC,NA,2,n,n,n,y,1,1,580.0189394,2.763442175,1,MC
72,EL12_121,383,3,99,1,0,20,0,0,1,0,0,0,0,0,0,16,0,0,0,0,0,0,0,0,9,0,0,43,0,0,0,0,0,0,0,0,0,0,0,0,18,0,0,0,2,0,0,0,0,0,0,0,0,0,0,7,0,0,0,0,0,1,1,1,0,1,0,0,16,0,0,0,0,0,0,3,0,0,5,0,0,0,0,0,5,0,0,0,0,0,0,0,0,5,1,0,0,0,0,0,0,0,1,5,0,0,0,0,0,1,0,0,2,0,0,0,0,0,0,1,0,0,2,0,0,1,0,1,0,0,0,0,0,0,0,0,0,0,1,0,1,0,19,1,1,0,0,0,0,0,0,0,0,0,0,EL2012,678,26509,14691,10778,25469,0.960768041,0,EL12_121,1,0,13,C,13_C,M,MOCK,B1,MC,NA,2,n,n,n,y,1,1,214667.1506,5.331765592,4,MC
73,EL12_123,49,114,234,0,0,49,0,0,0,21,0,0,0,0,0,0,0,0,0,0,0,0,0,0,0,0,0,85,0,0,0,0,0,0,0,0,0,0,0,0,0,0,0,0,0,0,0,0,0,0,0,0,0,0,0,0,0,0,0,0,0,2,0,0,0,8,0,0,11,0,0,0,0,2,0,0,0,1,0,0,3,0,2,0,0,0,0,0,1,0,0,0,0,0,0,0,0,0,0,0,1,2,1,1302,0,0,0,0,0,0,0,0,0,0,0,0,0,0,0,3,1,0,1,0,0,5,0,2,0,0,0,2,2,0,0,2,0,0,1,0,0,0,0,3,0,0,0,2,0,0,0,0,2,1,0,EL2012,1915,8843,4336,2374,6710,0.758792265,0,EL12_123,1,0,13,C,13_C,M,MOCK,A1,MC,NA,2,y,0,0,y,1,2,1894.329897,3.277455613,3,MC
74,EL12_149,715,5052,24,0,1,0,193,32,12,0,0,0,0,47,0,36,0,691,0,2,0,0,0,0,24,0,0,0,0,0,0,0,0,0,0,0,0,62,0,0,0,0,0,0,0,0,0,0,0,0,0,0,0,30,0,7,0,0,0,0,0,1,5,4,0,1,8,3,9,41,33,49,0,25,0,6,0,26,9,0,1,22,27,0,8,0,34,0,27,6,4,0,0,1,2,0,0,0,0,0,12,0,2,9,0,0,0,0,0,1,0,0,3,0,18,2,0,0,0,1,12,0,0,3,0,0,1,0,3,0,13,0,0,1,0,0,0,3,0,0,2,0,6,0,0,8,0,11,2,0,1,2,0,0,1,EL2012,7397,9068,666,718,1384,0.152624614,0,EL12_149,1,0,7,C,7_C,M,MOCK,D1,MC,7,Whole Leaf,y,n,n,n,1,1,NA,NA,NA,MC
75,EL12_199,1765,19874,221,0,0,0,94,65,76,2,0,0,0,4,0,56,0,0,0,4,0,0,0,1,39,0,0,0,0,0,0,0,0,0,0,0,0,223,0,0,0,0,0,0,2,0,1,0,0,0,0,0,0,162,0,17,0,0,0,0,0,5,0,16,0,5,110,3,7,124,72,83,0,100,11,10,0,104,6,0,0,104,107,0,7,1,63,0,78,0,9,0,0,6,10,0,0,0,0,0,52,0,4,0,0,0,0,0,0,4,0,1,5,2,54,0,1,0,3,2,46,0,1,16,0,0,9,0,0,0,45,0,0,0,42,3,3,0,0,1,5,0,0,1,1,13,0,21,5,0,2,2,1,2,85,EL2012,24079,25940,505,482,987,0.038049345,PNA,EL12_199,1,0,23,C,23_C,M,MOCK,C1,MC,7,2,y,y,y,y,1,4,588480.3922,5.769731997,2,MC
76,EL12_200,5196,14004,585,6,1,16,18,37,23,14,0,0,5,12,2,214,0,0,0,0,0,0,0,0,117,0,0,0,0,0,0,7,0,0,0,0,3,149,0,0,1,0,0,1,2,0,0,4,2,0,0,0,5,108,0,44,52,0,0,0,0,23,9,42,0,9,126,21,23,84,32,48,0,60,0,23,0,86,22,0,3,70,55,0,23,5,48,0,67,7,7,0,0,15,1,0,0,0,0,0,63,2,9,0,0,1,0,0,9,8,0,0,14,183,30,17,0,0,0,4,44,0,3,8,0,3,3,6,12,0,29,7,1,6,43,2,0,0,4,0,14,0,2,3,2,12,0,27,6,0,20,4,2,1,54,EL2012,22195,25673,2105,463,2568,0.100027266,PNA,EL12_200,1,0,23,C,23_C,M,MOCK,B1,MC,8,2,y,n,y,y,1,3,10915.22403,4.038032654,2,MC
77,EL12_203,12756,131,977,0,14,126,185,4,9,916,0,0,2848,396,15,487,0,4,0,0,5,0,0,0,294,0,0,0,0,0,0,163,0,1,285,0,18,2,0,21,0,0,0,3,183,0,0,0,0,32,0,0,0,0,21,84,65,0,0,0,0,65,542,91,128,16,12,54,18,0,1,1,0,3,0,70,1,0,59,0,8,1,4,36,57,384,1,0,0,176,0,0,0,40,1,35,4,0,0,0,1,10,31,0,2,0,7,27,19,34,0,42,35,14,0,39,0,7,31,7,0,0,6,0,27,6,0,6,29,17,0,5,5,2,0,6,0,0,8,0,30,13,0,9,2,0,0,0,25,0,26,27,3,11,0,EL2012,22422,26887,2474,342,2816,0.10473463,0,EL12_203,1,0,23,C,23_C,M,MOCK,A1,MC,8,Whole Leaf,y,n,n,n,1,1,NA,NA,NA,MC
78,EL12_204,5123,1295,348,0,1,261,243,2,211,10,461,2,17,16,87,229,0,0,0,97,0,0,0,0,104,0,0,0,3,0,0,0,0,4,8,0,17,24,0,0,0,0,0,2,14,0,0,31,0,0,0,0,28,15,0,30,13,0,4,0,0,27,0,27,6,3,42,18,9,9,2,13,0,12,11,17,0,10,23,0,0,9,6,2,20,2,3,0,5,2,0,0,0,15,11,1,4,6,0,0,3,2,39,0,0,0,0,0,6,12,0,0,16,5,6,12,0,0,18,3,1,0,2,1,0,2,1,4,16,0,0,0,3,1,23,1,3,5,6,2,7,0,0,1,1,1,2,3,10,0,12,11,1,2,0,EL2012,9259,11027,657,457,1114,0.101024757,PNA,EL12_204,1,0,23,C,23_C,M,MOCK,D1,MC,2,2,y,y,n,y,1,3,11083333.33,7.044670395,1,MC
79,EL12_205,198,6,38,0,0,0,61,0,24,1,0,0,171,2,0,9,0,0,0,0,0,0,0,0,3,0,0,0,0,0,0,0,0,0,0,0,0,0,0,0,0,0,0,0,0,0,0,0,0,0,0,0,0,0,0,1,0,4,0,0,0,3,0,3,0,0,0,0,0,0,0,0,0,0,0,2,0,0,0,0,0,0,0,0,0,0,0,0,0,3,0,0,8,2,1,0,0,0,0,0,0,0,1,6,0,0,0,0,0,0,0,0,1,0,0,0,0,0,0,0,0,0,0,0,0,0,0,0,0,0,0,0,0,0,0,0,0,0,0,1,0,0,0,0,0,0,0,0,0,0,0,0,0,1,0,EL2012,550,7588,2022,4946,6968,0.91829204,0,EL12_205,1,0,18,C,18_C,M,MOCK,A1,MC,4,2,y,n,n,y,1,2,3926.282051,3.593981495,5,MC
80,EL12_206,68,12,7,0,0,0,2,1,3,0,0,0,0,0,0,3,1,0,0,0,0,0,0,0,0,0,0,0,0,0,0,0,0,0,0,0,0,0,0,0,0,0,0,0,0,0,0,0,0,0,0,0,0,0,0,1,0,0,0,0,0,0,0,0,0,0,0,1,0,0,0,0,0,0,0,0,0,0,1,0,2,0,0,0,3,0,0,0,0,0,0,0,3,1,0,0,0,0,0,0,0,0,0,5,0,0,0,0,0,0,0,0,0,0,0,0,0,0,0,0,0,0,0,0,0,0,1,0,1,0,0,0,0,0,0,0,0,0,0,0,0,0,0,0,0,0,0,0,0,0,0,0,0,0,0,EL2012,116,9471,2456,6864,9320,0.984056594,0,EL12_206,1,0,18,C,18_C,M,MOCK,D1,MC,9,2,y,n,n,y,1,2,0,0,0,MC
81,EL12_221,27,10,137,0,0,355,57,0,0,0,0,0,0,0,0,0,0,0,0,0,0,0,0,0,0,0,0,0,0,1,0,0,0,2,1,0,0,0,0,0,0,0,0,0,0,0,0,0,0,120,0,0,0,1,0,0,0,0,0,0,0,0,0,0,0,3,0,0,5,0,0,0,0,0,0,1,0,0,0,0,2,0,0,0,0,0,0,0,0,0,0,0,0,0,0,0,0,0,0,0,0,1,1,0,0,0,0,0,0,0,0,0,0,0,0,0,0,0,0,1,0,0,1,0,0,0,0,0,0,0,0,2,0,0,0,1,0,1,0,1,0,0,0,0,1,0,0,1,0,0,0,0,0,0,0,EL2012,733,7840,1269,5790,7059,0.900382653,0,EL12_221,1,0,18,C,18_C,M,MOCK,C1,MC,6,2,y,n,n,n,1,1,1968.75,3.294190571,2,MC
82,EL12_222,5,0,38,0,0,0,519,0,0,0,0,0,0,4,0,0,0,0,0,0,0,0,2,0,0,0,0,0,0,0,0,0,0,0,0,0,0,0,0,0,0,0,0,0,0,0,0,0,0,12,0,0,0,0,0,0,0,0,0,0,0,0,0,0,0,0,0,0,8,0,0,0,0,0,0,0,0,0,0,0,1,0,0,0,0,0,0,0,0,0,0,0,0,0,0,0,0,0,0,0,0,0,0,0,0,0,0,0,0,0,0,0,0,0,0,1,0,16,0,1,0,20,0,0,0,2,0,0,0,0,0,0,0,0,0,0,0,8,0,7,0,0,0,0,0,0,0,0,0,0,0,0,0,1,0,EL2012,645,6694,788,4834,5622,0.839856588,0,EL12_222,1,0,18,C,18_C,M,MOCK,B1,MC,10,Half Leaf,y,n,n,n,1,1,36795.99499,4.565800551,4,MC
83,EL12_059,7,2,0,0,0,0,1,0,0,2,0,0,119,0,0,0,0,0,0,0,0,0,0,0,0,0,1,7,1,0,0,0,0,1,0,0,0,0,0,0,0,0,0,0,0,0,0,0,1,0,0,0,0,0,0,0,0,0,0,0,0,0,0,0,0,0,0,0,0,0,0,0,0,0,0,0,0,0,1,0,0,0,0,0,0,0,0,0,0,0,0,0,0,0,0,0,0,0,0,0,0,0,0,0,0,0,0,0,0,0,0,0,0,0,0,0,0,0,0,0,0,2,0,0,0,0,0,0,0,0,0,0,0,0,0,0,0,0,0,0,0,0,0,0,0,0,0,0,0,0,0,0,0,0,0,EL2012,145,11002,10071,761,10832,0.984548264,0,EL12_059,1,0,36,TX,36_TX,M,MOCK,D1,MTX,4,2,y,n,n,n,1,1,0,0,0,MC
84,EL12_066,269,4,6,0,0,0,13,0,6,27,0,0,38,0,0,6,0,0,0,0,0,0,0,0,6,0,7072,91,0,0,0,0,0,3,3,0,6,0,0,0,0,0,0,0,1,0,0,0,0,0,0,0,0,0,0,1,0,37,0,0,0,1,2,2,0,0,0,0,0,0,0,0,0,0,0,4,0,0,1,0,0,0,0,0,0,0,0,0,0,3,0,0,2,1,0,0,0,0,0,0,0,0,1,0,0,0,0,0,0,0,0,1,0,0,0,0,0,3,0,0,0,0,0,0,1,0,0,0,0,0,0,0,0,0,0,0,0,0,0,0,1,0,3,0,0,0,0,0,0,0,0,0,0,0,0,EL2012,7615,13960,5145,963,6108,0.437535817,0,EL12_066,1,0,36,TX,36_TX,M,MOCK,C1,MTX,6,2,y,n,n,n,1,1,NA,NA,NA,MC
85,EL12_069,3236,1467,1360,0,2163,671,19,3986,330,2,0,1,18,316,395,113,0,27,455,252,0,0,0,0,103,0,0,0,588,53,1461,0,0,119,23,0,22,12,0,1,0,0,0,0,3,0,1,289,0,0,0,0,76,9,0,23,13,0,2,0,0,8,0,19,0,15,126,12,1,3,13,10,251,5,42,18,0,9,23,4,0,4,13,0,13,0,12,0,3,0,3,0,0,6,12,2,133,0,0,86,3,11,4,0,0,0,0,0,0,3,70,0,6,0,5,5,79,0,7,10,4,0,3,0,0,9,0,6,8,0,10,0,7,8,14,13,13,0,1,0,5,0,0,6,6,15,31,5,3,86,5,5,0,6,0,EL2012,18927,22270,1813,16,1829,0.082128424,0,EL12_069,1,0,36,TX,36_TX,M,MOCK,B1,MTX,6,42310,y,y,y,n,1,3,NA,NA,NA,MC
86,EL12_070,1516,10,34,0,0,0,968,0,70,7,0,0,6,8,0,70,0,1,0,34,0,0,0,0,57,1,339,68,8,0,2,1,0,0,8,0,0,0,0,6,0,0,0,2,17,0,0,0,0,0,0,0,0,0,0,10,6,2,0,0,0,5,6,17,0,1,0,9,2,0,0,0,0,0,0,9,0,0,4,0,0,0,0,0,8,12,0,0,0,0,0,0,0,8,0,0,0,0,0,0,0,0,2,8,0,0,0,0,0,12,0,2,4,0,0,6,0,5,8,0,0,0,0,0,0,1,0,0,3,2,0,0,0,0,0,0,3,12,0,12,1,0,0,1,0,0,0,0,1,0,1,3,0,0,0,EL2012,3419,19094,15132,304,15436,0.808421494,PNA,EL12_070,1,0,36,TX,36_TX,M,MOCK,A1,MTX,1,2,n,y,n,n,1,1,51243.9454,4.70964256,2,MC
87,EL12_085,8,7,3,0,0,3,2,0,7,0,0,0,0,0,0,0,0,0,0,0,0,0,0,0,0,0,0,0,0,0,0,0,0,0,0,0,0,0,0,0,0,0,0,0,0,0,0,0,0,0,0,0,0,0,0,0,0,0,0,0,0,0,0,0,0,0,0,0,0,0,0,0,0,0,0,0,1,0,0,0,0,0,0,0,0,0,0,0,0,0,0,0,1,0,0,0,0,0,0,0,0,0,0,0,0,0,0,0,0,0,0,0,0,0,0,0,0,0,0,0,0,0,0,0,0,0,0,0,0,0,0,0,1,0,0,0,0,0,0,0,0,0,0,0,0,0,0,0,0,0,0,0,0,0,0,EL2012,33,23652,23543,67,23610,0.998224252,0,EL12_085,1,0,10,TX,10_TX,M,MOCK,D1,MTX,12,2,y,n,n,n,1,1,NA,NA,4,MC
88,EL12_086,377,1252,37,0,0,0,0,2,0,0,0,0,0,0,0,10,0,0,0,0,0,0,0,0,11,0,0,40,0,0,0,0,0,0,0,0,0,21,0,0,0,0,0,0,0,0,0,0,0,0,0,0,0,11,0,0,0,0,0,0,0,1,0,2,0,0,0,0,0,6,3,5,0,6,0,3,0,6,5,0,3,7,9,0,3,0,3,0,5,0,4,0,142,2,0,0,0,0,0,0,8,0,0,11,0,0,0,0,0,1,0,0,0,0,0,3,0,0,0,0,5,0,0,0,0,1,0,0,1,0,3,0,0,1,0,1,0,0,0,0,1,0,19,0,0,0,0,5,0,0,0,0,0,0,6,EL2012,2042,12186,4145,5850,9995,0.820203512,0,EL12_086,1,0,10,TX,10_TX,M,MOCK,C3,MTX,NA,Whole Leaf,y,n,n,n,1,1,NA,NA,NA,MC
89,EL12_096,2,41,27,0,0,1,0,0,0,0,0,0,0,0,1,0,0,0,1,0,0,0,0,0,0,0,0,0,0,0,0,0,0,0,0,0,0,1,0,0,0,0,0,0,0,0,0,0,0,0,0,0,0,1,0,0,0,4,1,0,0,0,0,0,0,2,0,0,0,0,0,1,0,0,0,0,0,1,1,0,0,0,0,0,0,0,0,0,0,0,0,0,0,0,0,0,0,0,0,0,0,0,0,3,0,0,0,0,0,0,0,0,0,0,0,0,0,283,0,0,0,175,0,0,0,0,0,0,0,0,0,0,0,0,0,1,0,0,0,0,0,0,16,0,0,0,0,0,0,0,0,0,0,0,0,EL2012,563,11278,2435,7713,10148,0.89980493,0,EL12_096,1,0,10,TX,10_TX,M,MOCK,A1,MTX,7,2,y,n,n,n,1,1,0,0,0,MC
90,EL12_097,37,4856,13,0,0,8,3,17,0,0,0,0,0,0,1,1,1,0,0,0,0,0,0,0,3,0,0,0,0,0,0,0,0,0,0,0,0,47,0,0,0,0,0,0,0,0,0,0,0,0,0,0,0,30,0,0,0,0,0,0,0,7,0,0,0,0,1,0,0,22,10,13,0,32,0,0,0,25,0,0,0,30,35,0,0,0,25,0,27,0,2,0,0,0,1,0,0,0,0,0,21,0,0,19,0,0,0,0,0,0,0,0,0,0,10,0,0,0,0,0,7,0,0,1,0,0,2,1,0,0,6,3,0,0,0,0,0,0,0,0,0,0,3,0,0,3,0,5,0,0,0,0,0,0,1,EL2012,5329,13309,2182,5523,7705,0.57893155,0,EL12_097,1,0,10,TX,10_TX,M,MOCK,B1,MTX,12,2,n,n,n,n,0,0,41932.2474,4.62254814,2,MC
91,EL12_098,4201,541,3842,0,0,1,0,4940,63,0,0,63,2,323,14,166,0,18,0,37,9288,0,0,0,91,0,0,0,0,0,0,0,0,182,6,0,0,3,0,3,0,31,0,0,0,0,0,0,0,0,309,0,0,5,0,31,0,0,75,0,0,21,0,18,0,65,97,43,1,3,15,2,0,1,5,22,0,3,21,0,0,2,4,17,13,0,2,0,1,0,16,0,0,11,3,1,0,19,0,0,2,29,10,0,0,0,0,32,0,5,2,0,11,0,13,7,0,0,4,24,0,0,23,1,0,28,3,24,5,7,6,0,16,19,4,18,0,0,14,0,4,0,0,20,22,0,1,1,4,0,8,19,17,13,0,EL2012,25057,32345,5853,95,5948,0.18389241,PNA,EL12_098,1,0,10,TX,10_TX,M,MOCK,C1,MTX,8,2,y,n,y,n,1,2,43947314.47,7.642932341,3,MC
92,EL12_099,11,1,787,0,0,72,541,0,0,0,0,0,0,0,0,0,0,0,0,0,0,0,0,0,0,0,0,4,0,0,1,0,0,0,0,0,0,0,0,0,0,0,0,1,0,0,0,1,0,0,0,0,0,0,0,2,0,0,0,0,0,0,0,0,0,10,0,0,8,0,0,0,0,0,0,0,0,0,1,0,0,0,0,0,1,0,0,0,0,0,0,0,4,0,0,0,0,0,0,0,0,12,0,17,0,0,0,0,0,0,0,0,0,0,0,0,0,0,0,8,0,0,3,0,0,5,0,7,0,0,0,0,6,5,0,2,0,10,5,11,0,0,4,4,3,0,0,0,0,0,0,0,5,3,0,EL2012,1555,12222,4606,5866,10472,0.856815578,0,EL12_099,1,0,11,TX,11_TX,M,MOCK,C1,MTX,11,Whole Leaf,y,n,n,n,1,1,NA,NA,NA,MC
93,EL12_100,230,1595,237,0,0,2216,192,10,89,0,3,0,55,47,3,8,0,0,0,0,12,0,0,0,11,0,0,0,0,0,0,0,0,3,8,0,1,17,0,0,0,0,0,4,0,0,0,31,0,984,0,0,29,19,0,1,0,0,0,0,0,0,0,1,0,2,1,2,5,13,2,8,0,12,3,3,0,6,2,0,1,4,8,0,2,0,10,0,7,4,2,0,0,0,1,0,9,0,0,0,7,3,1,1,0,0,0,0,0,1,0,0,1,0,1,0,0,0,0,1,5,0,0,0,0,1,1,1,0,0,2,0,0,1,0,1,1,5,0,0,1,0,15,0,0,1,7,3,0,0,0,0,2,0,0,EL2012,5976,12687,3102,3156,6258,0.493260818,0,EL12_100,1,0,11,TX,11_TX,M,MOCK,A1,MTX,8,2,y,n,y,n,1,2,145726.5739,5.163538755,4,MC
94,EL12_101,4320,1066,30,0,14,65,24,3256,9,44,114,0,17,291,7,155,2,12,13,3,0,0,0,0,115,9,0,25,0,0,0,122,0,6,49,0,4,14,0,83,34,9,0,0,63,0,0,4,0,182,241,0,0,9,39,32,136,8,37,0,0,15,0,28,22,0,34,16,0,3,14,4,2,6,0,14,80,4,22,0,0,2,3,15,15,0,3,0,5,10,2,9,4,12,0,4,1,93,0,0,3,1,13,0,0,0,0,3,3,13,5,3,11,0,10,6,0,13,1,0,5,0,0,0,0,0,10,0,16,26,11,0,0,0,7,0,0,1,0,0,11,9,3,0,1,1,6,2,5,1,7,6,1,0,0,EL2012,11319,16275,1708,1824,3532,0.217019969,0,EL12_101,1,0,11,TX,11_TX,M,MOCK,B1,MTX,1,Half Leaf,y,n,n,n,1,1,3045570.265,6.483668624,2,MC
95,EL12_103,36,0,48,0,0,1,14,0,0,0,0,0,0,0,0,0,0,0,0,0,22,0,0,1,1,0,0,1,0,0,0,0,0,0,0,0,0,0,0,0,0,0,0,0,0,0,0,0,0,0,0,0,0,0,0,0,0,0,0,0,0,1,0,0,0,2,0,1,4,0,0,0,0,0,0,0,0,0,0,0,0,0,0,0,0,0,1,0,0,1,0,0,6,0,0,0,0,0,0,0,0,0,0,5,0,0,0,0,0,0,0,0,0,0,0,0,0,89,0,0,0,107,0,0,0,0,0,0,0,0,0,3,0,1,0,1,0,1,1,0,0,0,6,0,0,0,0,0,0,0,0,0,0,0,0,EL2012,354,16109,8134,7195,15329,0.951579862,0,EL12_103,1,0,11,TX,11_TX,M,MOCK,D1,MTX,10,2,y,n,n,n,1,1,338452.2532,5.52949741,4,MC
96,EL12_114,140,10,426,0,1,102,181,0,77,6,0,34,0,12,0,5,0,0,0,0,0,0,0,0,1,0,0,3,0,0,0,1,0,0,0,0,0,0,0,0,1,0,0,0,0,0,0,0,0,0,0,0,0,0,0,2,0,11,0,0,0,0,0,1,0,11,0,0,40,0,0,0,0,0,2,0,0,0,1,0,7,0,0,0,0,0,0,0,0,0,0,0,0,3,0,0,0,0,0,0,0,6,1,6,0,0,0,0,0,0,0,1,2,0,0,0,0,0,0,2,0,0,2,0,0,2,0,2,0,0,0,0,6,2,0,0,2,2,2,2,1,0,7,2,2,0,0,0,2,0,0,0,2,3,0,EL2012,1137,9862,5306,3225,8531,0.865037518,0,EL12_114,1,0,7,TX,7_TX,M,MOCK,C1,MTX,8,Whole Leaf,y,y,n,n,1,2,NA,NA,NA,MC
97,EL12_116,74,10,195,0,0,494,0,1,42,1,0,0,0,21,0,5,0,0,0,0,0,0,0,0,0,0,0,12,0,0,0,0,0,0,0,0,0,0,0,0,0,0,0,0,0,0,0,0,0,0,0,0,0,0,0,0,0,0,0,0,0,0,0,0,0,2,1,0,2,0,0,0,0,2,0,1,0,0,0,0,0,0,0,0,4,0,0,0,0,0,0,0,0,1,0,0,0,0,0,0,0,3,1,5,0,0,0,0,0,0,0,0,0,3,0,0,0,0,0,1,0,0,0,0,0,4,0,0,0,0,1,3,1,1,0,1,1,0,0,0,0,0,4,2,0,0,2,0,0,0,0,0,1,0,0,EL2012,902,16121,4536,10593,15129,0.938465356,PNA,EL12_116,1,0,7,TX,7_TX,M,MOCK,D1,MTX,10,2,y,n,n,n,1,1,0,0,0,MC
98,EL12_118,1026,0,4220,1,0,38,36,0,1,0,0,31,1,2332,0,34,0,43,728,0,0,0,0,0,34,0,0,8,0,0,0,0,0,275,1,0,0,0,0,0,0,5,0,0,0,0,0,1,0,0,0,0,0,0,0,6,0,0,0,0,0,4,0,5,0,54,5,5,0,0,0,0,0,0,0,7,22,0,5,2,0,0,0,0,2,0,0,0,0,0,0,1,0,2,0,0,2,0,0,0,0,28,2,1,0,0,0,0,0,0,0,0,3,0,0,2,0,0,0,27,0,0,30,0,0,37,0,29,0,0,0,0,27,23,0,21,0,0,24,0,0,0,0,19,24,0,0,0,0,2,0,5,12,16,0,EL2012,9269,15925,6099,130,6229,0.391145997,0,EL12_118,1,0,7,TX,7_TX,M,MOCK,A1,MTX,1,2,n,n,y,n,1,1,7825991.832,6.89353939,4,MC
99,EL12_119,154,0,363,0,0,12,1,0,1,0,0,14,0,15,0,9,0,0,0,0,0,0,0,0,3,0,0,32,0,0,0,0,0,0,0,0,0,0,0,2,0,0,0,0,0,0,0,0,0,0,0,1,0,0,0,0,0,0,0,0,0,0,0,0,0,5,0,0,42,0,0,0,0,0,0,0,0,0,0,0,0,0,0,0,1,0,0,0,0,0,0,0,0,0,0,0,0,0,0,0,0,3,1,27,0,0,0,0,0,0,0,0,0,0,0,1,0,0,0,3,0,15,1,0,0,3,0,3,0,0,0,0,2,2,0,7,0,0,5,0,0,0,0,1,0,0,0,0,0,0,0,0,1,1,0,EL2012,731,12780,7703,4260,11963,0.936071987,0,EL12_119,1,0,7,TX,7_TX,M,MOCK,B1,MTX,11,2,y,n,n,n,1,1,9920.221296,3.99652136,3,MC
100,EL12_122,7759,2045,1071,0,0,452,1,11,219,0,0,0,3,1445,0,305,0,5,0,0,7511,0,0,0,178,0,0,38,0,0,0,0,0,0,0,0,3,15,0,3,0,0,0,0,0,0,0,20,0,0,974,0,29,13,0,47,85,0,0,0,1,26,0,48,0,14,48,70,41,15,15,11,0,12,5,44,0,12,50,0,0,11,8,0,29,0,8,0,15,0,1,0,0,32,8,0,0,0,0,0,6,6,10,1,0,0,0,0,0,39,0,1,23,0,11,21,0,6,3,6,7,0,7,0,0,4,14,11,21,0,4,0,10,9,18,3,3,0,6,0,12,0,1,8,4,0,0,3,18,0,13,14,4,6,0,EL2012,23089,26904,2362,267,2629,0.097717811,0,EL12_122,1,0,13,TX,13_TX,M,MOCK,A1,MTX,NA,Half Leaf,n,n,y,n,1,1,702124.0728,5.846413863,6,MC
101,EL12_143,1198,43,55,0,5,454,560,0,3710,0,0,0,183,5,14,33,0,1975,0,8,0,0,0,0,23,0,0,0,0,0,0,0,0,2,15,0,0,0,0,26,0,0,0,2,1,0,0,0,0,7,0,0,0,1,0,4,0,3,0,0,0,6,0,6,0,1,1,3,4,1,1,0,0,1,15,6,59,0,3,0,2,0,0,0,4,0,0,148,0,0,0,0,0,6,1,0,3,0,0,0,0,0,3,2,0,0,0,0,0,4,0,0,1,0,0,3,0,0,10,0,0,0,1,0,0,0,0,0,3,0,0,0,1,1,0,0,69,6,0,5,3,0,7,0,0,0,3,1,2,0,1,3,2,0,0,EL2012,8729,13226,2521,393,2914,0.220323605,0,EL12_143,1,0,13,TX,13_TX,M,MOCK,C1,MTX,NA,2,n,n,n,n,0,0,484195.1862,5.685020467,4,MC
102,EL12_144,1,108,8,0,9,74,0,0,0,135,0,25,0,0,0,0,0,0,0,0,0,0,0,0,0,0,0,6,0,0,0,0,0,0,0,0,0,0,0,0,0,0,0,0,0,0,1,0,0,0,0,0,0,2,0,0,0,4,0,0,0,0,0,0,0,0,0,0,0,0,1,0,0,1,0,0,0,0,0,0,71,0,1,0,0,0,1,0,1,0,0,0,3,0,0,0,2,0,0,0,0,0,0,27,0,0,0,0,0,0,0,6,0,0,0,0,0,0,0,0,0,0,0,0,4,0,0,0,0,0,0,16,0,0,0,0,0,0,0,0,0,0,0,0,0,0,0,0,0,0,0,0,0,0,0,EL2012,507,12194,7628,3875,11503,0.943332787,0,EL12_144,1,0,13,TX,13_TX,M,MOCK,B1,MTX,NA,Whole Leaf,n,n,n,n,0,0,NA,NA,NA,MC
103,EL12_145,1782,1070,1073,0,2,9911,1,63,155,12,0,2,2,703,1,59,0,2,0,1,0,0,0,0,43,0,0,0,0,0,0,0,0,0,2,0,2,14,0,4,3,0,0,2,2,0,0,182,0,0,0,0,200,3,0,14,227,1,0,0,0,7,0,4,0,17,75,7,9,5,8,9,5,6,25,16,0,7,14,0,0,5,4,0,11,0,3,0,10,0,2,0,0,4,0,0,27,0,0,0,11,14,1,0,0,0,0,0,0,4,0,0,1,0,8,9,0,0,2,6,2,0,9,11,0,4,0,7,6,0,1,0,4,8,3,8,4,0,8,0,2,0,0,14,2,0,1,3,6,0,0,1,5,7,1,EL2012,15991,18539,1756,75,1831,0.098764766,0,EL12_145,1,0,13,TX,13_TX,M,MOCK,D1,MTX,NA,2,n,y,y,n,1,2,2992.67101,3.476058977,3,MC
104,EL12_188,414,1070,31,0,0,0,109,5,142,1,0,0,1,2,1,21,0,0,0,0,0,0,0,0,7,0,35,0,0,0,0,0,0,0,0,0,0,8,0,0,0,0,0,0,0,0,0,0,0,7,0,0,0,4,0,2,0,0,0,0,0,1,0,3,0,1,0,2,0,9,3,4,0,8,4,2,0,6,2,0,3,6,1,0,1,0,7,0,2,0,0,0,0,1,3,0,0,0,0,0,7,0,0,0,0,0,0,0,0,3,0,0,2,0,1,0,0,0,0,1,2,0,0,1,0,0,0,0,0,0,2,0,2,1,0,0,1,2,0,1,0,0,0,0,0,1,0,0,2,0,0,1,0,0,0,EL2012,1959,8875,1606,5187,6793,0.765408451,0,EL12_188,1,0,18,TX,18_TX,M,MOCK,A1,MTX,5,Whole Leaf,y,n,n,n,1,1,NA,NA,NA,MC
105,EL12_189,14536,1039,312,0,79,18,197,4,3202,21,0,3,1,42,2,545,0,0,0,10,0,0,0,0,275,0,0,0,0,0,0,0,0,0,0,0,0,13,0,0,7,0,0,2,3,0,0,5,0,3,0,0,4,9,0,83,1,0,0,0,0,43,0,86,0,5,46,51,8,5,2,3,0,7,77,57,0,6,65,0,0,4,3,0,54,0,1,0,4,0,4,0,0,52,37,0,0,0,0,4,7,2,102,0,0,0,0,0,1,38,0,0,28,0,4,26,0,0,101,4,0,0,0,1,0,1,0,0,22,0,0,0,2,2,43,4,68,2,2,6,23,0,0,0,3,1,0,1,17,0,22,23,1,0,4,EL2012,21601,23450,439,69,508,0.021663113,PNA,EL12_189,1,0,18,TX,18_TX,M,MOCK,B1,MTX,3,Half Leaf,y,y,y,n,1,3,14410.50889,4.158679318,4,MC
106,EL12_190,9326,1184,462,0,0,0,490,2,0,45,0,0,77,0,0,333,0,0,0,0,0,1,0,0,153,0,0,0,0,0,0,12,0,0,0,0,1,13,0,1,0,0,0,1,58,0,0,0,0,0,0,0,0,5,3,48,1,0,0,0,0,29,27,46,0,9,47,35,72,5,3,4,0,5,0,57,0,1,37,0,0,7,4,2,28,22,3,0,4,22,1,0,0,27,18,0,0,0,0,0,11,3,36,5,0,0,0,0,6,31,0,4,27,0,4,29,0,0,12,2,1,0,4,7,0,0,0,3,23,5,2,2,4,2,26,2,0,5,0,8,20,0,1,0,3,0,2,0,17,0,12,11,2,4,0,EL2012,13067,18551,1778,3146,4924,0.265430435,0,EL12_190,1,0,23,TX,23_TX,M,MOCK,C1,MTX,2,2,y,n,n,n,1,1,2237980.769,6.34985635,5,MC
107,EL12_198,5470,1302,1038,0,0,7,2278,0,1,213,0,0,0,82,2,235,0,2,0,6,0,0,0,0,118,0,0,0,0,0,0,4,0,0,20,0,0,20,0,2,0,0,0,4,20,0,0,0,0,0,0,0,0,5,0,33,3,0,0,0,0,46,38,27,24,13,12,28,17,6,1,2,0,10,0,34,5,4,23,0,0,8,8,0,21,65,6,0,10,0,0,0,0,25,39,0,0,0,0,0,5,5,35,0,0,0,0,0,0,14,0,7,10,0,1,17,0,14,38,3,2,14,10,1,10,6,8,8,9,0,2,0,11,6,18,9,0,41,4,44,6,0,4,5,4,0,0,6,13,0,19,15,6,5,2,EL2012,11774,13977,1550,29,1579,0.11297131,0,EL12_198,1,0,23,TX,23_TX,M,MOCK,B1,MTX,9,Whole Leaf,y,yn,n,n,1,1,NA,NA,NA,MC
108,EL12_201,14269,8900,202,0,1,0,1622,28,0,4,0,0,0,6,0,508,0,0,0,0,1,0,0,0,343,0,0,0,0,0,0,0,0,0,16,0,0,123,0,0,0,0,0,2,0,0,0,0,0,0,0,0,0,61,0,93,0,0,0,0,0,62,0,95,0,1,155,40,18,62,24,26,0,64,0,62,0,39,71,0,0,37,51,0,74,0,44,0,47,0,5,0,0,50,59,0,0,0,0,0,39,2,48,0,0,0,0,0,0,29,0,0,18,0,18,31,0,0,25,0,23,0,1,0,0,2,3,2,23,0,9,0,1,4,112,2,0,29,3,19,14,0,0,4,1,11,0,14,15,0,30,22,2,0,0,EL2012,27821,29888,444,454,898,0.030045503,0,EL12_201,1,0,23,TX,23_TX,M,MOCK,A1,MTX,8,Half Leaf,y,n,y,n,1,2,46884.56828,4.671029921,3,MC
109,EL12_202,23206,1252,402,0,18,193,633,0,29,179,0,8,21,87,11,970,0,1,0,25,0,0,0,0,494,0,0,0,0,2,8,67,0,0,106,0,2,11,0,14,1,0,0,0,39,0,0,13,0,0,0,0,14,10,3,151,31,0,28,0,0,167,293,155,25,6,52,73,14,8,4,3,0,7,0,139,0,5,97,0,1,7,4,12,117,4,3,0,3,28,1,0,0,87,15,1,0,0,0,1,3,5,84,0,0,0,19,1,33,60,0,3,64,1,2,59,4,0,31,2,2,0,3,0,1,3,1,4,56,12,4,0,3,1,53,2,0,4,1,12,44,27,0,2,2,2,0,1,39,0,30,32,0,1,5,EL2012,30079,34339,1220,1559,2779,0.08092839,0,EL12_202,1,0,23,TX,23_TX,M,MOCK,D1,MTX,5,2,y,n,n,n,1,1,2252961.347,6.352753741,4,MC
110,EL12_041,162,148,30,0,0,36,0,0,0,63,0,0,4,35,3,8,0,0,0,0,0,0,0,0,4,0,0,114,0,0,0,11,0,0,132,0,0,0,0,0,0,0,0,0,0,0,0,0,0,0,0,0,0,0,0,1,0,34,0,0,0,1,0,1,0,0,0,2,1,2,1,0,0,0,0,1,3,2,1,0,30,0,1,0,2,0,1,0,0,0,1,0,0,0,0,0,0,0,0,0,1,0,4,0,0,0,0,0,0,0,0,3,1,3,0,0,0,0,0,1,0,0,0,0,2,0,0,1,2,0,2,354,0,0,1,2,0,0,0,0,1,0,0,0,0,0,0,0,0,0,0,0,0,0,0,EL2012,1213,6770,2210,2738,4948,0.730871492,0,EL12_041,1,0,31,C,31_C,SA,MOCK,C1,SAC,11,2,n,n,n,n,0,0,1833.832335,3.263359626,2,MC
111,EL12_042,0,1,2,0,0,0,0,0,0,0,0,0,0,0,0,0,0,0,0,0,0,0,0,0,0,0,0,152,0,0,0,0,0,0,0,0,0,0,0,0,0,6,0,0,0,0,0,0,0,0,0,0,0,0,0,0,0,20,0,0,0,0,0,0,0,0,0,0,0,0,0,0,0,0,0,0,0,0,0,0,17,0,0,0,0,0,0,0,0,0,0,0,0,0,0,0,0,0,0,0,0,0,0,3,0,0,0,0,0,0,0,0,0,0,0,0,0,0,0,0,0,0,0,0,0,0,0,0,0,0,0,0,0,0,0,0,0,0,0,0,0,0,0,0,0,0,0,0,0,0,0,0,0,0,0,EL2012,201,5886,2065,3547,5612,0.953448862,0,EL12_042,1,0,31,C,31_C,SA,MOCK,B1,SAC,7,2,n,n,n,n,0,0,0,0,0,MC
112,EL12_044,50,9,2,0,0,0,12,0,0,1,0,4,0,0,0,1,0,0,0,0,0,0,0,0,0,0,0,120,0,0,0,0,0,0,0,0,0,1,0,0,0,0,0,0,1,0,0,0,0,0,0,0,0,0,0,1,0,3,0,0,0,0,0,0,0,0,0,1,0,0,0,0,0,0,0,0,0,0,0,0,3,0,0,0,2,0,0,0,0,0,0,0,5,0,0,0,0,0,0,0,0,0,0,0,0,0,0,0,0,0,0,0,0,0,0,0,0,0,0,0,0,0,0,0,0,0,0,0,0,0,0,1,0,0,0,0,0,0,0,0,0,0,0,0,0,0,0,0,0,0,1,0,0,0,0,EL2012,218,8016,7500,259,7759,0.967939122,0,EL12_044,1,0,31,C,31_C,SA,MOCK,A1,SAC,3,2,n,n,n,y,1,1,81198.21542,4.909546484,5,MC
113,EL12_080,0,1,39,0,0,0,0,0,0,0,0,0,0,0,0,0,0,0,0,0,0,0,0,0,0,0,0,539,0,0,0,0,0,0,0,0,0,0,0,0,0,0,0,0,0,0,0,0,0,0,0,0,0,0,0,0,0,6,0,0,0,0,0,0,0,1,0,0,1,0,0,0,0,0,0,0,0,0,0,0,33,0,0,0,0,0,0,0,0,0,0,0,0,0,0,0,0,0,0,0,0,0,0,0,0,0,0,0,0,0,0,0,0,0,0,0,0,0,0,0,0,15,0,0,0,0,0,2,0,0,0,51,0,1,0,1,0,0,0,0,0,0,26,0,0,0,0,0,0,0,0,0,0,0,0,EL2012,716,6737,4326,1553,5879,0.87264361,0,EL12_080,1,0,4,C,4_C,SA,MOCK,A1,SAC,5,2,y,y,n,y,1,3,0,0,0,MC
114,EL12_087,23,3,3,0,0,0,0,0,0,0,0,0,0,0,0,2,0,0,1,0,0,0,0,0,1,0,0,12,0,0,0,0,0,0,0,0,0,0,0,0,0,0,0,0,0,0,0,0,0,0,0,0,0,0,0,1,0,0,0,0,0,0,0,0,0,0,0,0,1,0,0,0,0,0,0,0,0,0,0,0,2,0,0,0,0,0,0,0,0,0,0,0,0,0,0,0,0,0,0,0,0,0,0,8,0,0,0,0,0,0,0,0,1,0,0,0,0,0,0,0,0,0,0,0,0,0,0,0,0,0,0,0,0,0,0,0,0,0,0,0,0,0,5,0,0,0,0,0,0,0,0,0,0,0,0,EL2012,63,5873,3278,2469,5747,0.978545888,0,EL12_087,1,0,4,C,4_C,SA,MOCK,C1,SAC,NA,Half Leaf,n,y,n,n,1,1,0,0,0,MC
115,EL12_091,768,4,221,0,0,381,5,0,775,0,0,0,33,24,0,28,0,10,0,0,0,0,0,0,16,0,0,0,0,0,0,0,0,0,0,0,0,0,0,0,0,0,0,0,5,0,0,0,0,0,0,0,0,1,0,8,22,0,0,0,0,1,0,4,0,1,1,2,0,0,0,0,0,0,4,3,0,0,0,0,3,0,0,0,4,0,0,0,0,0,0,0,0,2,0,0,1,0,0,0,0,6,3,0,0,0,0,0,0,3,0,0,2,0,0,1,0,0,1,1,0,0,2,0,0,2,0,3,2,0,0,0,2,1,0,3,13,0,0,0,2,0,20,0,3,0,0,0,4,0,0,1,1,0,0,EL2012,2403,6863,1801,2494,4295,0.625819612,0,EL12_091,1,0,9,C,9_C,SA,MOCK,A1,SAC,5,2,yn,n,n,n,0,0,85566.92658,4.932305933,3,MC
116,EL12_092,0,0,0,0,1,8,0,0,0,0,0,0,0,0,0,0,0,0,0,0,0,0,0,0,0,0,0,0,0,0,0,0,0,0,0,0,0,1,0,0,0,0,0,0,0,0,0,0,0,0,0,0,0,0,0,0,0,0,0,0,0,0,0,0,0,0,0,0,0,0,0,0,0,0,0,0,0,0,0,0,6,0,0,0,0,0,0,0,0,0,0,0,0,0,0,0,0,0,0,0,0,0,0,2,0,0,0,0,0,0,0,0,0,0,0,0,0,0,0,0,0,0,0,0,0,0,0,0,0,0,0,0,0,0,0,0,0,0,0,0,0,0,2,0,0,0,0,0,0,0,0,0,0,0,0,EL2012,20,9043,2884,6127,9011,0.996461351,0,EL12_092,1,0,9,C,9_C,SA,MOCK,D1,SAC,10,Half Leaf,y,n,n,n,1,1,880.9780654,2.944965096,1,MC
117,EL12_093,121,2,26,0,1,142,1,0,0,1,0,0,0,3,0,13,0,0,0,0,0,0,3,0,2,0,0,0,0,0,0,0,0,0,6,0,0,0,0,0,0,0,0,0,0,0,0,1,0,0,0,0,0,0,0,1,0,0,0,0,0,0,0,0,0,0,0,0,3,0,0,0,0,0,0,0,0,0,2,0,0,0,0,0,0,0,0,0,0,0,0,0,0,0,0,0,0,0,0,0,0,0,0,15,0,0,0,0,0,0,0,0,0,0,0,0,0,176,0,0,0,117,0,0,0,0,0,0,0,0,0,1,0,0,0,0,0,0,0,0,0,0,1,0,0,0,0,0,0,0,0,0,0,0,0,EL2012,638,8960,2276,5625,7901,0.881808036,0,EL12_093,1,0,9,C,9_C,SA,MOCK,C1,SAC,3,2,n,n,n,n,0,0,10832.49116,4.034728343,2,MC
118,EL12_108,1613,154,20,0,0,0,456,0,0,0,0,0,0,0,0,69,0,0,0,3,0,0,0,0,45,0,0,0,0,0,0,0,0,0,0,0,0,3,0,2,0,0,0,0,0,0,0,0,0,0,0,0,0,0,0,13,0,0,0,0,0,6,0,13,0,1,0,5,0,1,0,2,0,2,0,3,0,0,10,0,20,0,0,0,6,0,0,0,0,0,0,0,0,3,0,0,0,0,0,0,0,2,7,3,0,0,0,0,0,7,0,0,4,0,0,4,0,0,0,0,0,0,1,0,0,0,0,0,4,0,0,0,0,0,0,0,0,12,0,5,4,0,32,0,1,0,0,0,0,0,1,4,0,0,0,EL2012,2541,9352,2941,3722,6663,0.712467921,0,EL12_108,1,0,8,C,8_C,SA,MOCK,C1,SAC,NA,Half Leaf,y,n,n,n,1,1,1516089.109,6.180724728,1,MC
119,EL12_111,1,2,33,0,0,558,2,1,234,0,0,7,0,0,0,0,0,0,0,0,0,0,0,0,0,0,0,8,0,0,0,0,0,0,0,0,0,0,0,21,0,0,0,0,0,0,0,1,0,0,0,0,0,0,0,0,0,2,0,0,0,0,0,0,0,1,0,0,0,0,0,0,0,0,2,0,0,0,0,0,3,0,0,0,0,0,0,0,0,0,0,0,0,0,0,0,1,0,0,0,0,1,0,10,0,0,0,0,0,0,0,0,0,0,0,0,0,0,0,0,0,0,0,0,0,0,0,0,0,0,0,0,0,0,0,0,4,0,0,0,0,0,0,0,0,0,0,0,0,0,0,0,0,0,0,EL2012,892,7510,2459,4074,6533,0.869906791,0,EL12_111,1,0,15,C,15_C,SA,MOCK,D1,SAC,NA,2,n,n,n,n,0,0,9122.340426,3.960106275,1,MC
120,EL12_112,1101,306,221,0,0,1033,58,12,1103,0,0,0,6,22,0,46,0,0,0,0,0,0,0,0,29,0,0,0,0,0,0,0,0,0,0,0,0,5,0,0,0,0,0,0,0,0,0,3,0,0,0,0,5,2,0,8,8,5,0,0,0,3,0,4,0,2,8,6,8,2,5,1,0,0,6,10,12,4,5,0,37,0,2,0,9,0,1,2,0,0,0,0,0,9,1,0,4,0,0,0,0,1,2,20,0,0,0,0,0,8,0,0,4,0,0,7,0,0,3,2,1,0,0,0,0,2,4,0,5,0,1,0,2,2,0,0,26,0,2,1,0,0,21,1,2,0,0,2,1,0,0,5,0,3,0,EL2012,4242,7748,1934,1286,3220,0.41559112,0,EL12_112,1,0,15,C,15_C,SA,MOCK,C1,SAC,NA,2,y,y,n,n,1,2,1534662.89,6.186012991,3,MC
121,EL12_113,0,0,2,0,1,29,0,26,0,0,0,0,0,0,0,0,0,1766,0,0,0,0,0,0,0,0,0,0,0,0,0,0,0,1,0,0,331,0,0,0,0,0,0,0,0,0,0,0,0,0,0,0,0,0,0,0,0,2,0,0,0,0,0,0,0,0,0,0,0,0,0,0,0,0,0,0,0,0,0,0,0,0,0,0,0,0,0,0,0,0,0,0,0,0,0,0,1,0,0,0,0,0,0,2,0,0,0,0,0,0,0,0,0,0,0,0,0,9,0,0,0,0,0,0,0,0,0,0,0,0,0,8,0,0,0,0,0,0,0,0,0,0,4,0,0,0,0,0,0,0,0,0,0,0,0,EL2012,2182,7190,2288,2597,4885,0.679415855,0,EL12_113,1,0,15,C,15_C,SA,MOCK,B1,SAC,NA,Whole Leaf,n,n,yn,n,0,0,NA,NA,NA,MC
122,EL12_115,1945,4784,75,0,0,258,925,11,115,0,0,0,40,5,45,91,0,0,0,346,0,0,0,0,26,0,0,11,0,0,0,0,0,0,0,0,5,58,0,2,0,0,0,10,6,0,0,26,0,116,0,0,33,28,0,10,0,6,0,0,0,8,0,13,2,2,56,11,1,27,11,15,0,16,7,4,0,23,5,0,0,27,23,0,3,0,13,0,20,0,2,1,0,6,64,0,1,0,0,0,18,2,5,0,0,0,0,4,0,11,0,0,5,0,7,4,0,0,12,0,14,0,1,2,0,0,5,3,3,0,9,0,0,0,24,1,2,16,0,12,4,0,3,0,3,5,1,7,3,0,5,6,0,0,21,EL2012,9556,10983,719,23,742,0.067558955,0,EL12_115,1,0,8,C,8_C,SA,MOCK,A1,SAC,NA,2,y,y,n,n,1,2,6833888.426,6.834667884,4,MC
123,EL12_117,284,32,51,0,0,12185,0,0,30,9,1,12,2,21,0,20,0,0,0,1,45,0,0,0,6,0,0,9,0,1,0,12,0,117,6,0,0,0,0,4,3,0,0,0,0,0,0,10,0,0,5,0,1,0,0,2,3,0,0,0,0,1,0,5,0,1,31,1,1,0,0,1,3,0,4,4,0,0,0,0,0,0,0,0,2,0,0,0,0,0,3,0,0,0,0,4,34,0,0,0,0,2,0,2,0,0,0,0,0,2,0,0,1,0,2,0,11,0,0,0,0,0,0,0,0,0,0,0,2,18,1,0,0,0,0,1,1,0,0,0,0,0,1,0,1,0,0,0,0,0,0,0,0,0,0,EL2012,13012,13742,210,73,283,0.0205938,0,EL12_117,1,0,9,C,9_C,SA,MOCK,B1,SAC,1,Half Leaf,y,n,n,n,1,1,148125.7557,5.170630579,4,MC
124,EL12_120,1917,609,51,0,0,90,1154,4,1,0,0,0,148,2,0,75,0,0,0,0,0,0,0,0,54,0,0,66,0,0,0,0,0,0,34,0,0,9,0,24,0,0,0,4,12,0,0,0,0,53,0,0,0,8,0,10,4,0,0,0,0,5,0,19,0,2,3,12,3,4,2,4,0,4,0,13,0,2,11,0,13,4,1,0,11,0,3,0,4,0,0,0,0,17,5,0,1,0,0,0,4,0,14,4,0,0,0,0,0,2,0,0,3,0,1,6,0,9,5,0,0,0,0,0,0,0,0,1,3,0,1,0,1,3,0,0,0,21,0,21,7,0,11,0,0,0,0,1,5,0,8,4,2,0,0,EL2012,4609,18763,6461,7394,13855,0.738421361,0,EL12_120,1,0,8,C,8_C,SA,MOCK,D1,SAC,NA,2,y,n,n,n,1,1,19473.50543,4.289444136,5,MC
125,EL12_132,3368,3152,12,0,1,213,0,19,90,28,0,0,0,131,14,130,0,0,0,19,0,0,0,0,90,0,0,0,0,0,0,0,0,2,9,0,0,33,0,16,5,8,0,0,7,0,0,10,0,0,0,0,18,27,0,26,18,0,0,0,0,14,0,18,6,0,38,6,0,13,7,8,1,19,4,24,0,17,19,0,2,16,19,0,17,0,19,0,12,0,0,0,0,14,5,1,0,0,0,0,10,0,2,2,0,0,1,5,0,9,0,0,7,0,7,10,9,0,1,0,9,0,0,2,1,0,31,0,6,6,7,0,0,0,26,0,3,0,0,0,8,0,1,0,0,3,0,3,4,0,4,10,0,0,1,EL2012,7933,11124,455,2361,2816,0.25314635,0,EL12_132,1,0,12,C,12_C,SA,MOCK,D1,SAC,1,2,y,y,n,y,1,3,746988.3259,5.873313815,8,MC
126,EL12_133,129,613,40,0,0,468,59,1,618,0,0,41,11,2,0,3,0,0,0,155,0,0,0,0,6,0,0,0,0,0,1,0,0,0,0,0,0,6,0,0,0,2,0,1,0,0,0,4,0,616,0,0,7,10,0,0,4,0,0,0,0,0,0,1,0,0,1,3,4,3,2,3,0,6,15,1,0,1,0,0,17,1,1,0,0,0,3,0,0,0,6,0,0,0,1,0,0,0,0,0,0,0,0,0,0,0,0,0,0,0,0,0,4,0,1,1,0,0,1,0,1,0,0,0,0,0,0,0,0,0,0,0,0,0,0,0,7,1,0,0,1,0,0,1,1,0,0,0,0,0,0,0,0,0,1,EL2012,2886,9645,1548,4963,6511,0.6750648,0,EL12_133,1,0,12,C,12_C,SA,MOCK,C1,SAC,7,2,y,n,n,y,1,2,133474.5763,5.125398551,4,MC
127,EL12_134,32,440,33,0,0,60,2,1,39,0,1,0,1,1,0,2,0,0,0,6,0,0,0,1,1,0,0,20,0,0,0,0,0,4,0,0,0,4,0,0,0,0,0,0,0,1,0,1,0,0,0,0,0,7,0,0,1,2,0,0,1,0,0,1,0,0,0,0,0,3,1,4,0,4,2,0,0,1,0,0,4,6,0,0,0,0,3,0,4,0,0,0,5,0,0,0,0,0,0,0,3,0,1,4,0,0,0,0,0,1,0,0,0,0,1,0,0,0,0,0,2,0,0,1,0,0,0,0,0,0,1,0,0,0,0,0,0,0,0,0,0,0,1,0,0,0,0,0,0,0,0,0,0,0,0,EL2012,714,11187,2622,7714,10336,0.923929561,0,EL12_134,1,0,12,C,12_C,SA,MOCK,B1,SAC,8,2,y,n,y,y,1,3,9907.760814,3.995975514,5,MC
128,EL12_135,517,63,466,0,11044,3,0,11,16,0,0,219,0,285,145,11,0,4,58,2,0,0,0,0,14,0,0,0,0,43,0,0,0,13,0,0,8,0,0,0,0,111,0,0,0,3,0,0,0,0,0,0,0,0,0,1,0,0,6,0,0,0,0,4,0,6,43,1,0,1,10,0,3,0,0,1,0,0,1,26,0,0,0,0,0,0,0,0,0,0,2,0,0,0,0,0,0,8,0,18,0,7,2,0,0,4,0,0,0,0,33,0,4,0,14,0,17,0,0,8,0,0,9,0,0,3,0,4,1,0,15,0,1,4,0,0,1,0,3,0,2,0,0,0,3,6,18,0,1,14,0,1,2,1,0,EL2012,13345,14626,667,23,690,0.047176261,0,EL12_135,1,0,12,C,12_C,SA,MOCK,A1,SAC,7,Half Leaf,y,y,y,y,1,4,11269649.87,7.051910424,2,MC
129,EL12_142,5,0,33,1,0,0,0,0,0,0,0,0,1,8,0,1,0,2,0,0,0,0,0,0,0,0,0,1,0,0,0,0,0,0,0,0,0,0,0,0,0,0,0,0,0,0,0,0,0,0,0,0,0,1,0,0,0,0,0,0,0,0,0,0,0,1,0,0,0,0,0,0,0,0,0,0,0,0,0,0,4,0,0,0,0,0,0,0,0,0,0,0,22,0,0,0,0,0,0,0,0,0,0,0,0,0,0,0,0,0,0,0,0,0,0,0,0,0,0,1,0,0,0,0,0,1,0,0,0,0,0,5,2,0,0,0,0,0,1,0,0,0,0,0,0,0,0,0,0,0,0,0,0,0,0,EL2012,90,6621,2988,3458,6446,0.973568947,0,EL12_142,1,0,15,C,15_C,SA,MOCK,A1,SAC,NA,Half Leaf,y,n,n,y,1,2,0,0,0,MC
130,EL12_157,3208,3463,56,0,0,14,126,16,2688,106,0,9,25,41,9,116,0,1,0,1,418,0,0,0,46,0,0,0,0,0,0,21,0,0,1671,0,4,24,0,137,63,4,0,0,17,0,0,0,0,0,0,0,0,18,0,19,11,0,0,0,1,13,0,22,2,1,49,11,2,17,13,15,0,19,101,20,3,19,14,0,6,23,20,0,11,0,12,0,19,1,1,0,0,10,101,0,0,0,0,0,22,0,8,0,0,0,0,0,2,8,0,4,8,0,2,10,1,1,22,0,16,0,0,40,1,0,1,0,7,3,8,0,0,0,39,0,47,2,0,2,7,2,0,0,0,0,3,7,7,0,10,9,0,0,0,EL2012,13157,15608,899,193,1092,0.069964121,0,EL12_157,1,0,24,C,24_C,SA,MOCK,C1,SAC,15,Half Leaf,y,n,n,y,1,2,1760937.5,6.245743942,5,MC
131,EL12_173,1889,40,569,0,0,0,1248,0,33,7,0,0,0,13,4,83,0,0,0,0,2,0,0,0,33,2,0,0,0,0,0,0,0,0,0,0,0,3,0,0,0,0,0,2,1,0,0,0,0,17,0,0,0,0,0,15,0,0,0,0,0,13,58,13,0,8,0,8,12,0,0,0,0,0,0,6,0,0,10,0,2,0,1,0,11,547,1,0,0,0,0,0,0,8,0,0,0,0,0,0,1,6,2,0,0,0,0,0,0,4,0,0,6,68,0,3,0,0,4,4,2,3,5,0,0,4,0,3,3,2,0,0,5,4,0,3,0,22,7,16,4,0,0,2,3,0,0,0,3,0,2,5,3,1,0,EL2012,4859,9167,2930,1001,3931,0.42882077,0,EL12_173,1,0,20,C,20_C,SA,MOCK,B1,SAC,11,Half Leaf,NA,NA,n,n,0,0,2166.56263,3.335771248,2,MC
132,EL12_174,463,8,1495,0,1,0,618,0,4,0,0,0,1,26,4,17,0,0,2,0,0,0,0,0,5,0,0,4,0,0,0,0,0,0,0,0,1,0,0,0,1,0,0,0,0,0,0,0,0,0,0,0,0,0,0,5,3,0,0,0,0,1,0,2,0,22,0,2,45,0,0,0,0,0,1,2,0,0,1,0,0,0,0,0,3,0,0,0,0,1,0,0,13,4,0,0,0,0,0,0,0,11,2,0,0,0,0,0,0,0,0,0,0,0,0,0,0,0,2,14,0,0,5,0,0,7,0,8,0,0,0,0,3,8,0,11,0,9,7,4,1,0,0,9,8,0,0,0,1,0,1,0,3,4,0,EL2012,2873,9670,3191,3400,6591,0.681592554,0,EL12_174,1,0,20,C,20_C,SA,MOCK,D1,SAC,8,Half Leaf,NA,NA,n,n,0,0,2180.025626,3.338461599,3,MC
133,EL12_175,1777,441,504,0,0,0,29,2,4597,28,0,0,60,334,1578,62,0,4,1,1,1,0,0,0,29,0,0,0,0,0,0,0,0,3,4,0,52,10,0,0,5,0,0,0,4,0,9,0,0,2,0,0,0,2,0,11,0,0,0,0,0,6,0,12,3,7,7,4,1,1,0,5,0,2,65,6,0,2,5,0,0,1,0,0,8,1,2,0,0,109,0,0,0,1,41,0,0,0,0,0,1,3,14,0,0,0,0,0,0,6,0,0,2,0,1,3,4,0,62,10,0,0,1,6,1,2,0,1,2,1,0,0,3,1,4,6,78,0,5,0,3,0,0,2,0,1,82,1,1,0,1,3,3,0,0,EL2012,10153,12008,709,30,739,0.061542305,0,EL12_175,1,0,20,C,20_C,SA,MOCK,C1,SAC,4,Whole Leaf,NA,NA,n,n,0,0,NA,NA,NA,MC
134,EL12_193,84,19,4318,0,0,0,1,1,0,7,0,0,0,5,0,7,0,0,0,0,0,0,0,0,4,0,0,5,0,0,0,1,0,0,3,0,0,0,0,1,0,0,0,0,3,0,0,0,0,0,0,0,0,0,0,0,0,0,0,0,0,0,0,0,0,70,1,0,11,0,0,0,0,1,0,0,0,0,0,0,2,0,0,0,1,0,0,0,0,3,0,0,0,0,0,0,0,0,0,0,0,39,0,0,1679,0,0,0,0,4,0,0,0,0,0,0,0,0,0,23,0,0,29,0,0,25,0,23,0,0,0,0,20,34,0,27,0,0,25,0,0,0,0,23,15,0,0,0,0,0,0,0,27,14,0,EL2012,6555,13819,6410,524,6934,0.501772921,0,EL12_193,1,0,24,C,24_C,SA,MOCK,D1,SAC,4,Half Leaf,yn,n,n,n,0,0,1072.535022,3.030411482,3,MC
135,EL12_195,5047,668,965,0,0,58,218,2,1129,195,1,0,5,110,4,224,1,1,0,164,40,0,0,0,114,0,0,0,0,0,0,0,0,0,160,0,1,6,0,7,316,0,0,5,25,0,0,5,0,0,0,0,1,2,0,30,5,0,0,0,0,25,1,27,0,16,18,39,28,2,2,2,0,5,23,15,3,2,21,0,3,4,4,0,30,21,3,0,2,1,0,0,0,20,18,0,0,0,0,0,3,8,12,0,0,0,0,0,2,18,0,8,20,0,0,10,0,1,16,6,0,0,7,3,3,4,0,9,12,3,1,3,10,11,20,4,20,4,5,3,12,5,0,1,4,2,1,4,13,0,7,7,7,6,0,EL2012,10139,12542,1603,30,1633,0.13020252,0,EL12_195,1,0,24,C,24_C,SA,MOCK,B1,SAC,13,Whole Leaf,y,y,n,y,1,3,NA,NA,NA,MC
136,EL12_197,7154,214,325,4,0,91,26,0,3,2,0,0,20,41,2,248,0,8,0,23,948,0,0,0,183,0,0,0,0,0,0,12,0,0,19,0,2,2,0,21,41,0,0,0,13,0,0,6,0,0,0,0,3,2,0,44,29,0,0,0,0,48,55,42,0,6,4,28,39,0,1,1,0,0,0,39,0,4,37,0,0,1,1,1,30,37,2,0,0,280,0,0,0,24,1,0,0,0,0,0,0,3,19,0,40,0,0,0,0,13,0,0,17,0,0,24,0,5,4,3,0,0,2,0,0,2,0,3,25,1,1,0,1,3,7,3,0,0,0,1,20,0,0,1,0,0,0,0,23,0,8,9,2,3,0,EL2012,10410,11534,580,31,611,0.052973817,0,EL12_197,1,0,24,C,24_C,SA,MOCK,A1,SAC,4,Whole Leaf,y,n,n,n,1,1,NA,NA,NA,MC
137,EL12_215,108,74,78,0,0,0,1,1,0,0,0,0,0,0,0,9,0,0,1,0,0,0,2,0,4,0,0,0,0,0,0,0,0,0,0,0,0,1,0,0,0,0,0,0,0,0,0,0,0,0,0,0,0,0,0,2,0,0,0,0,0,2,0,2,0,2,0,0,0,0,0,0,0,1,0,0,0,1,0,0,30,0,0,0,0,0,1,0,0,0,0,0,0,0,2,0,0,0,0,0,2,0,2,1,0,0,0,0,0,0,0,0,1,0,0,1,0,0,0,0,2,0,0,0,0,0,0,2,0,0,1,1,0,4,0,0,0,0,0,0,0,0,3,2,2,0,0,0,0,0,0,1,0,1,0,EL2012,348,17188,5041,11747,16788,0.97672795,0,EL12_215,1,0,20,C,20_C,SA,MOCK,A1,SAC,11,Half Leaf,y,n,n,y,1,2,467.5572519,2.669834797,1,MC
138,EL12_039,1,41,0,0,1,0,0,0,0,0,0,15,0,0,0,0,0,0,0,0,0,0,0,0,0,0,0,1018,0,0,0,0,0,0,0,0,0,0,0,0,0,1,0,0,0,0,0,0,0,0,0,0,0,0,0,0,0,15,0,0,0,0,0,0,0,0,0,0,0,1,0,0,0,0,0,0,0,0,0,0,0,0,0,0,0,0,0,0,0,0,0,0,0,0,0,0,0,0,0,0,0,0,0,0,0,0,0,0,0,0,0,0,0,0,0,0,0,50,0,0,1,0,0,0,0,0,0,0,0,0,0,0,0,0,0,0,0,0,0,0,0,0,0,0,0,0,0,0,0,0,0,0,0,0,0,EL2012,1144,12704,3933,7365,11298,0.889326196,0,EL12_039,1,0,31,TX,31_TX,SA,SA,A1,SATX,7,2,n,n,n,n,0,0,15422.66187,4.188159337,2,SATX
139,EL12_043,184,88,214,0,0,16,0,8,2,0,0,1606,0,32,38,11,0,0,0,0,0,0,0,0,2,0,0,7,0,0,0,0,0,30,0,0,0,3,0,0,0,49,0,0,0,0,0,0,0,0,0,0,0,0,0,1,0,0,1,0,0,0,0,1,0,2,7,0,0,0,3,3,1,1,0,0,0,0,0,5,0,1,0,0,0,0,1,0,1,0,27,0,0,0,0,0,3,0,0,0,0,7,2,0,0,0,0,0,0,0,1,0,1,0,0,0,0,0,0,3,0,0,0,0,0,2,0,1,1,0,0,0,1,4,0,0,0,0,0,0,0,0,0,2,1,0,0,0,0,0,0,0,1,0,0,EL2012,2375,9891,7323,98,7421,0.750278031,0,EL12_043,1,0,31,TX,31_TX,SA,SA,B1,SATX,11,2,n,n,y,n,1,1,447171.3205,5.650473942,5,SATX
140,EL12_045,4,7,0,0,0,0,5,0,0,0,0,12,0,0,0,0,0,0,0,0,0,1,0,0,0,0,0,400,0,0,0,0,0,0,0,0,0,0,0,0,0,0,0,0,0,0,0,0,0,0,0,0,0,0,0,0,0,13,0,0,0,0,0,0,0,0,0,0,0,0,0,0,0,0,0,0,0,1,0,0,4,0,0,0,0,0,0,0,0,0,0,0,3,0,0,0,0,0,0,0,0,0,0,23,0,0,0,0,0,0,0,0,0,0,0,0,0,3,0,0,0,0,0,0,0,0,0,0,0,0,0,0,0,0,0,0,0,0,0,0,0,0,1,0,0,0,0,0,0,0,0,0,0,0,0,EL2012,477,7499,3034,3840,6874,0.916655554,0,EL12_045,1,0,31,TX,31_TX,SA,SA,D1,SATX,11,2,n,n,n,n,0,0,0,0,0,SATX
141,EL12_046,0,1,1,0,0,0,0,0,0,0,0,14,0,0,0,0,0,0,0,0,0,0,0,0,0,0,0,290,0,0,0,0,0,0,0,0,0,0,0,0,0,0,0,0,0,0,0,0,0,0,0,0,0,0,0,0,0,68,0,0,0,0,0,0,0,0,0,0,0,0,0,0,0,0,0,0,0,0,0,0,21,0,0,0,0,0,0,0,0,0,0,0,13,0,0,0,0,0,0,0,0,0,0,1,0,0,0,0,0,0,0,0,0,0,0,0,0,0,0,0,0,0,0,0,0,0,0,1,0,0,0,5,0,0,0,0,0,0,0,0,0,0,0,0,0,0,0,0,0,0,0,0,0,0,0,EL2012,415,6306,3184,2563,5747,0.911354266,0,EL12_046,1,0,31,TX,31_TX,SA,SA,C1,SATX,3,2,n,n,n,n,0,0,0,0,0,SATX
142,EL12_094,1500,42,657,0,11,35,0,71,5173,6,0,5527,5,487,656,66,0,15,0,0,391,0,0,0,35,0,0,0,54,21,0,1,0,71,219,0,1138,1,0,0,5,52,0,0,0,2,0,0,0,0,0,0,0,0,0,4,0,0,1,0,0,5,0,6,0,6,34,4,1,0,0,0,13,0,210,3,1,0,5,0,0,0,0,0,3,0,0,0,0,3,42,0,0,3,5,0,1,0,0,0,0,6,9,0,0,352,0,0,0,0,0,0,1,0,0,6,1,0,27,2,0,0,6,0,0,4,0,5,1,0,0,0,6,0,0,4,81,0,2,0,2,0,0,4,2,0,136,0,2,0,2,2,0,3,0,EL2012,17257,20499,990,272,1262,0.061563979,0,EL12_094,1,0,9,TX,9_TX,SA,SA,C1,SATX,2,Whole Leaf,n,y,y,n,1,2,NA,NA,NA,SATX
143,EL12_095,0,1,10,0,0,16,0,0,0,0,0,0,0,0,0,0,0,0,0,0,0,0,0,0,0,0,0,0,0,0,0,0,0,0,0,0,0,0,0,0,0,0,0,0,0,0,0,0,0,0,0,0,0,0,0,0,0,0,0,0,0,0,0,0,0,0,0,0,0,0,0,0,0,0,0,0,0,0,0,0,0,0,0,0,0,0,0,0,0,0,0,0,0,0,0,0,0,0,0,0,0,0,0,0,0,0,0,0,0,0,0,0,0,0,0,0,0,1,0,1,0,0,0,0,0,0,0,0,0,0,0,0,0,0,0,0,0,0,0,0,0,0,5,0,0,0,0,0,0,0,0,0,0,0,0,EL2012,34,10233,1956,8222,10178,0.994625232,0,EL12_095,1,0,9,TX,9_TX,SA,SA,D1,SATX,10,Half Leaf,n,n,n,n,0,0,22428.42876,4.35079885,1,SATX
144,EL12_107,146,0,86,0,0,22,0,0,0,0,0,0,0,0,0,7,0,0,0,0,0,0,0,0,3,0,0,0,0,0,0,0,0,0,0,0,0,0,0,0,0,0,0,0,0,0,0,0,0,0,0,0,0,0,0,3,7,44,0,0,0,1,0,0,0,1,0,0,14,0,0,0,0,0,0,0,0,0,0,0,22,0,0,0,1,0,0,0,0,0,0,0,0,0,0,0,0,0,0,0,0,0,0,15,0,0,0,0,0,0,0,0,0,0,0,0,0,1,0,0,0,0,2,0,0,0,0,0,0,0,0,11,2,0,0,1,0,0,0,0,0,0,24,0,1,0,0,0,0,0,0,2,0,0,0,EL2012,416,14352,4656,9231,13887,0.967600334,0,EL12_107,1,0,15,TX,15_TX,SA,SA,B1,SATX,NA,Half Leaf,n,n,n,n,0,0,8185.530441,3.913046828,5,SATX
145,EL12_136,633,626,170,0,4,17,5,5,242,0,0,0,1,73,0,24,0,0,0,3,0,0,0,0,10,0,0,2,0,1,0,0,0,0,0,0,0,6,0,0,2,0,0,0,0,0,0,0,0,15,0,0,0,0,0,8,0,0,0,0,0,3,0,5,0,2,0,1,0,4,4,0,0,2,3,1,0,3,2,0,0,3,5,0,6,0,3,0,1,0,0,0,0,4,1,0,0,0,0,0,2,1,2,0,0,0,0,0,0,1,0,0,0,0,1,0,0,0,1,1,0,0,0,0,0,3,0,2,2,0,1,0,2,2,2,2,3,0,1,0,0,0,0,0,0,1,0,0,0,0,0,2,2,1,1,EL2012,1936,6923,1369,3488,4857,0.701574462,0,EL12_136,1,0,12,TX,12_TX,SA,SA,D1,SATX,5,2,y,n,n,y,1,2,7777.029627,3.890813753,5,SATX
146,EL12_137,73,379,12,0,0,4259,3,0,11,0,0,2,0,0,0,0,0,0,0,38,0,0,0,0,1,0,0,0,0,0,0,0,0,0,0,0,0,6,0,0,1,0,0,0,0,0,0,58,0,1,0,0,110,3,0,0,0,0,0,0,0,0,0,1,0,0,3,0,0,5,0,1,0,2,2,0,0,1,1,0,0,2,2,0,0,0,1,0,5,0,1,0,0,0,0,0,7,0,0,0,3,0,0,0,0,0,0,0,0,0,0,0,0,0,1,0,0,0,0,3,1,0,0,1,0,0,0,0,0,0,0,0,0,0,0,0,0,0,0,0,0,0,0,0,0,0,0,2,0,0,0,0,0,0,0,EL2012,5002,5572,87,278,365,0.065506102,0,EL12_137,1,0,12,TX,12_TX,SA,SA,C1,SATX,8,2,y,y,y,y,1,4,NA,NA,NA,SATX
147,EL12_138,66,159,10,0,2,0,0,0,0,4,0,0,0,0,1,2,0,0,0,2,0,0,0,0,4,0,0,0,0,0,0,0,0,0,0,0,0,3,0,0,0,0,0,0,0,0,0,0,0,0,0,0,0,3,0,1,0,1,0,0,0,0,0,0,0,0,0,0,0,0,0,0,0,1,0,0,0,1,2,0,19,0,0,0,0,0,0,0,1,0,0,0,14,0,0,0,0,0,0,0,1,0,1,1,0,0,0,0,0,0,0,0,0,0,0,1,0,0,0,0,0,0,0,0,0,0,0,0,1,0,0,5,0,0,0,0,0,0,0,0,0,0,1,0,0,0,0,0,0,0,0,0,0,0,0,EL2012,307,7897,2012,5534,7546,0.955552742,0,EL12_138,1,0,12,TX,12_TX,SA,SA,B1,SATX,9,2,y,n,n,n,1,1,0,0,0,SATX
148,EL12_139,525,9007,1283,0,256,1,0,83,0,0,0,0,0,647,57,26,0,5,0,0,0,0,0,0,15,0,0,0,0,0,0,0,0,188,0,0,0,107,0,0,0,5,0,0,0,43,0,0,0,0,0,0,0,65,0,4,0,0,0,0,0,0,0,4,0,28,4,1,0,63,35,33,0,54,0,1,0,51,0,0,0,47,45,0,0,0,45,0,54,0,8,0,0,1,2,0,0,0,0,10,29,19,2,0,0,0,0,0,0,0,1,0,4,0,23,2,0,0,0,10,22,0,15,2,0,7,60,17,0,0,22,0,6,9,2,10,0,0,6,0,0,0,0,11,4,8,1,17,0,0,0,1,5,7,0,EL2012,13125,16563,2162,635,2797,0.168870374,0,EL12_139,1,0,12,TX,12_TX,SA,SA,A1,SATX,11,2,y,y,y,y,1,4,372135.8217,5.570701477,4,SATX
149,EL12_140,101,384,19,0,0,831,113,4,317,0,0,760,1,0,0,4,0,507,0,0,0,0,1,0,2,0,0,0,0,0,0,0,0,1,0,0,0,5,0,0,0,7,0,0,0,0,0,1,0,0,0,0,3,3,0,0,0,0,0,0,0,1,0,3,0,1,1,0,2,3,0,0,4,1,1,1,0,2,0,0,8,4,1,0,0,0,2,0,2,0,8,0,0,2,2,0,3,0,0,0,0,1,2,2,0,0,0,0,0,0,0,0,0,0,0,0,0,0,0,0,3,0,0,0,0,0,2,0,0,0,1,0,0,0,0,0,11,0,0,0,0,0,5,0,0,0,0,1,0,0,0,0,0,0,0,EL2012,3144,7673,2200,2126,4326,0.563795126,0,EL12_140,1,0,15,TX,15_TX,SA,SA,C1,SATX,NA,2,n,n,n,n,0,0,0,0,0,SATX
150,EL12_141,64,274,74,0,0,0,6,0,16,0,0,0,2,0,0,0,0,0,0,0,0,0,0,0,0,0,0,16,0,0,0,0,0,0,0,0,0,3,0,0,0,0,0,6,0,0,0,0,0,0,0,0,0,2,0,0,0,0,0,0,0,0,0,0,0,0,0,0,38,2,2,0,0,0,0,0,7,5,0,0,14,0,4,0,0,0,0,0,1,0,0,0,2,0,0,0,0,0,0,0,2,1,1,2,0,0,0,0,0,0,0,0,0,0,0,0,0,6,0,1,0,0,1,2,0,1,0,2,0,0,0,2,0,1,0,0,0,0,1,0,0,0,6,0,1,0,0,0,0,0,0,0,1,0,0,EL2012,569,9198,3960,4496,8456,0.919330289,0,EL12_141,1,0,15,TX,15_TX,SA,SA,D1,SATX,NA,2,y,n,n,n,1,1,12865.01025,4.109410136,3,SATX
151,EL12_146,62,11587,33,0,3,1,0,43,19,0,0,0,10,0,0,4,0,1,0,0,0,0,0,0,1,0,0,1,0,0,0,0,0,0,0,0,0,150,0,0,0,0,0,0,1,0,0,0,0,0,0,0,0,67,0,0,0,0,0,0,0,21,0,0,0,0,6,0,0,61,23,37,0,71,0,0,0,43,0,0,0,50,57,0,1,0,49,0,42,0,6,0,2,0,3,0,0,0,0,0,33,0,0,2,0,0,0,0,0,0,0,0,0,0,32,0,0,0,0,0,27,0,0,3,0,0,89,0,1,0,15,0,0,0,1,0,1,0,0,0,0,0,0,0,0,8,0,18,0,0,0,1,1,0,3,EL2012,12690,14292,583,672,1255,0.087811363,0,EL12_146,1,0,15,TX,15_TX,SA,SA,A1,SATX,NA,2,n,n,n,y,1,1,2843556.796,6.453861907,3,SATX
152,EL12_147,237,18,2115,0,12534,38,1,59,134,0,0,112,0,167,623,6,0,5,0,4,1,0,0,0,4,0,0,0,0,2,0,0,0,16,0,0,29,0,0,0,0,66,0,0,0,0,0,25,0,0,0,0,0,0,0,0,0,0,0,0,0,0,0,1,0,33,10,0,0,0,15,0,32,0,17,0,5,0,3,32,0,0,0,0,1,0,0,0,0,0,0,0,0,0,0,0,12,0,0,20,0,9,0,0,0,151,0,0,0,0,48,0,0,0,16,1,0,0,0,18,0,0,6,0,0,11,0,9,0,0,18,0,15,14,0,10,1,0,5,0,0,0,0,10,8,1,23,0,0,0,0,1,12,5,0,EL2012,16769,20581,3065,13,3078,0.149555415,PNA,EL12_147,1,0,9,TX,9_TX,SA,SA,B4,SATX,7,Half Leaf,y,y,y,n,1,3,623398576.5,8.794765806,4,SATX
153,EL12_150,6,4,27,0,0,0,0,0,0,0,0,0,0,0,0,0,0,1,0,0,3,0,0,0,0,0,0,0,0,0,0,0,0,0,0,0,0,0,0,0,0,0,0,0,0,0,0,0,0,0,0,0,0,0,0,0,0,0,0,0,0,0,0,0,0,0,0,0,0,0,0,0,0,0,0,0,0,0,0,0,6,0,0,0,0,0,0,0,0,0,0,0,1,0,0,0,0,0,0,0,0,0,0,6,0,0,0,0,0,0,0,0,0,0,0,0,0,0,0,1,0,0,0,0,0,0,0,0,0,0,0,0,0,1,0,0,0,0,0,0,0,0,10,0,0,0,0,0,0,0,0,0,0,0,0,EL2012,66,6514,3493,2935,6428,0.986797667,0,EL12_150,1,0,9,TX,9_TX,SA,SA,A1,SATX,13,Half Leaf,n,n,n,n,0,0,4275.397337,3.630976482,1,SATX
154,EL12_156,4414,1646,12,0,0,6,4,11,386,32,0,0,275,89,1,197,0,23,0,2,0,0,0,0,81,0,0,0,3,19,0,7,0,2,16,0,6,13,0,111,5,0,0,0,20,0,0,0,0,0,453,0,1,9,84,26,211,0,0,0,0,15,0,18,6,0,21,59,0,6,3,6,0,11,11,23,0,10,15,0,0,2,6,2,29,0,4,0,7,0,0,59,0,13,20,14,0,50,0,0,0,0,15,1,0,0,7,10,0,11,0,0,3,0,4,13,327,0,7,0,3,0,0,1,0,0,0,0,18,285,3,0,0,0,16,0,4,0,0,0,3,0,0,0,0,0,0,0,11,0,4,0,0,0,5,EL2012,9326,10931,596,125,721,0.065959199,0,EL12_156,1,0,24,TX,24_TX,SA,SA,B1,SATX,11,2,y,n,n,n,1,1,618759.827,5.791522109,5,SATX
155,EL12_176,27,15,2935,0,3,0,44,0,10,1,0,0,0,7,19,1,0,1,0,1,0,0,0,0,1,10,0,11,0,0,0,6,0,8,0,0,0,0,0,0,0,0,0,0,0,0,0,0,0,0,0,0,0,0,10,0,2,0,3,0,0,0,0,0,0,29,0,0,33,0,0,0,0,0,2,0,0,0,0,0,16,1,0,0,0,0,0,0,0,0,0,0,8,0,0,0,0,0,0,0,0,25,0,0,0,0,0,0,0,0,0,0,0,0,0,0,0,1,0,16,2,0,28,0,0,26,0,18,2,0,0,4,11,23,0,16,0,0,26,3,0,0,0,23,24,0,0,0,0,0,0,0,13,7,0,EL2012,3472,11142,6020,1174,7194,0.645665051,0,EL12_176,1,0,20,TX,20_TX,SA,SA,B1,SATX,8,Half Leaf,NA,NA,n,n,0,0,0,0,0,SATX
156,EL12_177,3017,4896,512,0,0,6,87,57,65,51,0,0,8,12,9,117,0,0,0,1,1,0,0,0,70,0,0,0,0,0,0,26,0,2,44,0,0,53,0,0,23,0,0,0,5,0,0,3,0,5,1,0,1,36,3,23,13,0,0,0,0,6,1,17,1,8,68,6,13,27,19,44,0,27,1,12,0,33,21,0,0,27,25,0,11,22,21,0,13,6,3,0,0,13,6,0,0,0,0,0,14,3,2,0,0,1,0,0,0,9,0,1,10,1,6,5,0,0,5,4,11,0,2,4,2,3,8,2,3,1,8,0,3,1,39,2,2,0,2,0,1,6,0,5,4,4,0,9,7,0,4,6,2,1,0,EL2012,9801,11060,767,11,778,0.07034358,0,EL12_177,1,0,20,TX,20_TX,SA,SA,C1,SATX,2,Half Leaf,n,y,n,n,1,1,1457262.747,6.163537863,3,SATX
157,EL12_178,340,42,244,0,0,3,3,0,1,115,0,4,0,1,5,11,0,0,0,0,1,0,0,0,5,0,0,0,0,0,0,0,0,1,0,0,0,0,0,0,0,0,0,0,0,0,0,0,0,0,1,0,0,0,0,7,1,0,0,0,0,1,0,0,0,2,0,2,0,0,0,1,0,0,0,4,0,0,3,0,6,1,0,0,1,0,0,0,0,6,0,0,0,1,0,0,0,0,0,0,0,6,0,9,0,0,0,0,0,0,0,5,0,0,0,2,0,0,0,2,0,0,3,1,4,0,0,1,0,0,0,0,0,0,0,2,0,0,1,0,0,0,0,0,0,0,0,0,1,0,3,3,0,0,0,EL2012,856,9649,2030,4359,6389,0.662141155,0,EL12_178,1,0,20,TX,20_TX,SA,SA,D1,SATX,6,Half Leaf,n,n,n,n,0,0,75.31972455,1.876908723,1,SATX
158,EL12_179,1217,2377,887,0,2,13,76,19,1174,22,0,143,1,70,2011,59,0,51,0,3,32,0,0,0,22,0,0,0,2,1,0,0,0,656,1,0,56,22,0,3,0,6,0,0,16,0,0,0,0,3,277,0,1,25,1,11,21,1,98,0,0,6,0,6,14,20,18,11,2,12,3,20,0,9,26,8,0,15,5,0,0,8,16,1,4,3,8,0,8,0,9,5,0,9,38,3,0,99,0,0,8,11,3,0,10,450,0,0,0,2,0,0,1,1,1,2,21,0,7,8,2,0,11,2,0,6,20,7,1,0,6,0,6,8,10,9,11,1,3,1,1,3,0,6,4,0,8,7,7,0,1,3,7,3,1,EL2012,10446,12913,1387,127,1514,0.117246186,0,EL12_179,1,0,20,TX,20_TX,SA,SA,A1,SATX,2,Half Leaf,n,y,y,n,1,2,147709003.2,8.169406967,3,SATX
159,EL12_194,6087,21,817,0,1,0,5,0,109,1614,5,0,37,17,2,273,1,415,0,0,1,0,0,0,147,0,0,0,0,0,0,2,0,0,47,0,14,0,0,0,9,0,0,0,3,0,1,0,0,0,0,0,0,0,1,41,6,0,0,0,0,16,0,40,0,12,0,14,90,0,0,0,0,1,0,25,0,0,34,0,0,0,0,0,30,0,0,0,1,502,0,0,0,25,0,0,0,0,0,0,0,6,8,0,0,0,0,0,0,15,0,55,12,0,0,22,1,0,3,5,0,0,7,0,59,3,0,5,18,0,0,0,6,5,1,5,3,2,5,0,13,0,0,3,5,0,1,0,16,0,10,9,4,2,0,EL2012,10775,12625,1283,56,1339,0.106059406,0,EL12_194,1,0,24,TX,24_TX,SA,SA,A1,SATX,5,Half Leaf,y,n,n,n,1,1,25472369.92,7.406069353,6,SATX
160,EL12_196,6020,54,1489,0,1,0,9,0,0,87,0,0,2,15,0,243,0,0,0,0,0,0,0,0,139,0,0,0,0,0,0,0,0,0,42,0,0,1,0,0,0,0,0,0,0,0,0,0,0,0,0,0,0,0,0,40,0,0,0,0,0,29,0,40,0,26,0,22,41,1,1,0,0,0,0,30,0,0,32,0,0,0,1,0,26,0,0,0,0,5,0,0,6,20,0,0,0,0,0,0,0,16,18,3,3,0,0,0,0,26,0,2,14,0,0,13,0,0,0,6,1,0,8,0,3,11,0,7,17,2,0,0,11,8,1,9,0,0,12,0,17,0,0,9,3,0,0,0,12,0,17,17,6,5,0,EL2012,8699,12272,2900,337,3237,0.263771186,0,EL12_196,1,0,24,TX,24_TX,SA,SA,D1,SATX,9,2,y,n,n,n,1,1,NA,NA,NA,SATX
161,EL12_213,148,73,91,0,37,10,61,1,0,0,0,0,0,0,7,7,0,0,0,0,0,0,0,0,1,0,0,0,0,0,0,0,0,64,0,0,0,1,0,0,0,0,0,0,0,0,0,0,0,0,0,0,0,1,0,1,0,0,0,0,0,0,0,2,0,1,0,0,0,1,0,1,0,0,0,0,0,1,0,0,0,0,1,0,0,0,0,0,0,0,0,0,0,0,0,0,0,0,0,0,2,0,1,23,0,0,0,0,0,0,1,0,0,0,0,1,0,0,0,0,0,0,1,0,0,1,1,2,1,0,0,0,1,0,0,0,0,1,3,0,0,0,1,0,0,0,0,0,0,0,0,1,0,0,0,EL2012,551,16490,10903,4913,15816,0.959126743,0,EL12_213,1,0,8,TX,8_TX,SA,SA,A1,SATX,NA,2,n,n,n,n,0,0,648.3768525,2.811827502,1,SATX
162,EL12_216,196,26,87,0,0,48,43,0,0,0,0,110,9,0,0,7,0,0,0,0,0,0,0,0,2,0,0,0,0,0,0,0,0,0,0,0,0,0,0,0,0,0,0,0,0,0,0,0,0,3,0,0,0,0,0,1,0,0,0,0,0,0,0,0,0,0,0,0,0,0,0,0,0,0,0,2,0,0,1,0,7,2,0,0,0,0,0,0,0,0,0,0,4,4,0,0,0,0,0,0,2,0,1,0,0,0,0,0,0,2,0,0,0,0,0,0,0,0,0,0,0,0,0,0,0,0,0,0,0,0,0,0,0,0,0,0,0,1,0,1,0,0,0,0,1,0,0,0,0,0,0,0,1,0,0,EL2012,561,7843,4345,2830,7175,0.914828509,0,EL12_216,1,0,8,TX,8_TX,SA,SA,D1,SATX,NA,2,y,n,n,n,1,1,684904.1534,5.8356298,2,SATX
163,EL12_217,77,7745,28,0,0,12,1,23,21,0,0,0,127,2,2,5,0,0,0,27,0,0,1,0,2,0,0,0,0,0,0,0,0,0,1,0,1,82,0,0,0,0,0,0,0,0,0,5,0,4,0,0,3,43,0,2,2,1,0,0,0,0,0,0,0,0,3,1,0,57,19,22,0,41,4,0,0,46,1,0,0,33,37,0,0,0,39,0,20,0,3,0,3,0,9,0,0,0,0,0,14,0,0,0,0,0,0,0,0,0,0,0,0,0,7,0,0,0,0,0,12,0,0,6,0,0,7,0,0,0,8,0,0,0,2,1,0,0,0,0,0,0,0,0,0,7,0,15,0,0,0,0,0,1,0,EL2012,8635,9432,387,81,468,0.049618321,0,EL12_217,1,0,8,TX,8_TX,SA,SA,C1,SATX,NA,Half Leaf,n,y,n,y,1,2,2924.403183,3.466037248,3,SATX
164,EL12_218,319,221,53,0,0,51,190,0,0,0,0,0,879,0,0,10,0,0,0,0,0,0,0,0,8,0,0,5,0,0,0,0,0,0,0,0,0,1,0,0,0,0,0,0,0,0,0,0,0,45,0,0,0,2,0,3,0,23,0,0,0,1,0,1,0,1,0,0,0,0,0,0,0,0,0,12,0,0,3,0,0,1,0,0,1,4,0,0,1,0,2,0,12,4,0,0,0,0,0,0,1,0,2,19,0,0,0,0,0,0,0,0,2,0,1,1,0,0,0,0,0,0,1,0,0,0,0,1,1,0,0,0,0,1,0,0,0,3,0,0,2,0,0,1,1,0,0,0,0,0,0,1,0,0,3,EL2012,1894,8712,3834,2699,6533,0.749885216,0,EL12_218,1,0,8,TX,8_TX,SA,SA,B1,SATX,NA,2,n,n,n,y,1,1,712209.3023,5.852607642,1,SATX
165,EL12_233,1889,1834,85,0,0,0,148,10,464,1,0,0,2765,31,38,71,0,0,1,0,0,0,0,0,40,0,0,0,0,0,0,0,0,1,0,0,0,19,0,11,1,0,0,11,30,0,0,0,0,0,0,0,0,18,0,12,0,0,0,0,0,6,0,11,0,2,21,9,7,13,4,15,0,11,10,9,0,13,6,0,0,14,2,3,3,0,8,0,12,0,0,0,0,3,63,0,0,0,0,0,11,0,4,0,0,0,1,0,0,4,0,0,1,0,2,5,0,0,30,0,5,0,0,1,0,1,0,0,7,0,1,0,0,0,6,0,9,4,1,5,1,0,0,1,0,1,5,2,6,0,5,4,0,3,0,EL2012,7851,9130,341,71,412,0.045125958,0,EL12_233,1,0,24,TX,24_TX,SA,SA,C1,SATX,13,Whole Leaf,y,n,n,n,1,1,NA,NA,NA,SATX
166,EL12_240,72,0,40,0,0,0,0,0,5,6,0,0,0,4,0,5,0,0,0,0,0,0,0,0,3,0,0,0,0,0,0,1,0,0,0,0,0,0,0,1,0,0,0,0,0,0,0,0,0,0,0,0,0,0,0,0,0,0,0,0,0,0,0,0,0,2,0,0,0,0,0,0,0,0,0,0,0,0,0,0,0,0,0,0,0,0,0,0,0,0,0,0,0,0,0,0,0,0,0,0,0,0,0,8,0,0,0,0,0,0,0,2,0,0,0,0,1,0,0,0,0,0,0,0,1,0,0,0,0,0,0,0,0,0,0,0,0,0,1,0,1,0,0,0,0,0,2,0,0,0,0,0,0,0,0,EL2012,155,7977,1069,6735,7804,0.978312649,0,EL12_240,1,0,4,TX,4_TX,SA,SA,A1,SATX,9,2,n,y,n,n,1,1,0,0,0,SATX
