samples	Sphingomonas1	Pseudomonas1	Caloribacterium1	Acetobacteraceae1	Pseudomonas2	Pseudomonas3	Massilia1	Pseudomonas4	Massilia2	Sphingomonas2	Xanthomonas	Pseudomonas5	Duganella1	Microbacteriaceae2	Microbacteriaceae1	Sphingomonas3	Geobacillus	Clavibacter	Pseudomonas6	Massilia3	Pedobacter1	Acetobacteraceae2	Anoxybacillus	Pseudomonas7	Sphingomonas4	Rhizobium1	Pseudaminobacter	Hyphomicrobium	Chryseobacterium1	Chryseobacterium2	Pedobacter2	Methylobacterium1	Planctomicrobium	Microbacteriaceae3	Sphingomonas5	Gaetbulimicrobium1	Microbacteriaceae4	Pseudomonas8	Gaetbulimicrobium2	Aureimonas	Sphingomonadaceae	Pseudomonas9	Puniceicoccus1	Massilia4	Polaromonas	Pseudomonas10	Janthinobacterium	Pseudomonas11	Acinetobacter	Pseudomonas12	Neorhizobium	Acetobacteraceae3	Pseudomonas13	Pseudomonas14	Methylobacterium2	Sphingomonas6	Rhodococcus	Escherichia	Chryseobacterium3	Puniceicoccus2	Flavobacterium	Sphingomonas7	Hymenobacter1	Sphingomonas8	Pedobacter3	Caloribacterium2	Sphingomonas9	Sphingomonas11	Persicirhabdus	Pseudomonas15	Pseudomonas29	Pseudomonas21	Pseudomonas24	Pseudomonas16	Massilia5	Sphingomonas10	Arthrobacter	Pseudomonas17	Sphingomonas12	Pseudomonas20	Comamonas	Pseudomonas19	Pseudomonas18	Brevundimonas	Sphingomonas13	Hymenobacter2	Pseudomonas22	Duganella2	Pseudomonas23	Hymenobacter3	Pseudomonas25	Rhizobium2	Staphylococcus	Sphingomonas14	Pseudomonas26	Devosia	Pseudomonas30	Pedobacter4	Acetobacteraceae4	Pseudomonas27	Pseudomonas28	Thermoproteus	Sphingomonas15	Lactococcus	Enterococcus	Sanguibacter	Ramlibacter1	Rhizobium3	Pedobacter5	Sphingomonas17	Pseudomonas35	Sphingomonas16	Sphingomonas18	Hymenobacter4	Pseudomonas32	Sphingomonas19	Epilithonimonas	Ramlibacter2	Sphingomonas21	Caloribacterium3	Pseudomonas31	Paenibacillus	Caloribacterium4	Pseudomonas33	Sphingomonas20	Caloribacterium5	Pseudomonas34	Caloribacterium6	Sphingomonas22	Methylobacterium3	Pseudomonas36	Cloacibacterium	Caloribacterium7	Caloribacterium8	Pseudomonas37	Caloribacterium9	Massilia6	Massilia7	Caloribacterium10	Massilia8	Sphingomonas23	Sphingomonas24	Methylobacterium4	Caloribacterium11	Caloribacterium12	Pseudomonas39	Microbacteriaceae5	Pseudomonas38	Sphingomonas25	Pseudomonas40	Sphingomonas26	Sphingomonas27	Phycisphaera	Caloribacterium13	Pseudomonas41	ROW_TOTALS	total_old	mtDNA	cpDNA	total	contam	prop_c	controls	exclude	in_MED	sample_mass	PlotNum	SubPlotTx	sp.cond	PlotCond	txfull	DmgM	herb.dmg.old	herb.dmg	stem.tx
NPB13_036_CU	2	4	3	0	0	1	0	0	0	0	0	0	0	0	0	0	0	0	0	0	0	0	0	0	0	0	0	0	0	0	0	0	0	0	0	0	0	0	0	0	0	0	0	0	0	0	0	0	0	0	0	0	0	0	0	0	0	0	0	0	0	0	0	0	0	1	0	0	0	0	0	0	0	0	0	0	0	0	0	0	0	0	0	0	0	0	0	0	0	0	0	0	1	0	0	0	0	0	0	0	0	0	0	0	0	0	0	0	0	0	0	0	0	0	0	0	0	0	0	0	0	0	0	0	0	0	0	0	0	0	0	1	0	0	0	0	0	0	0	0	0	0	0	0	0	0	0	0	0	0	0	0	0	0	0	13	10638	2449	8148	10610	10597	0.9988	0	0	NPB13_036_CU	0.088	36	C	MOCK	JA	JAC	n	0	0	MC
NPB13_024_TD	1	0	0	0	12	0	1	0	0	0	0	1	0	0	0	1	0	0	0	0	0	0	0	0	0	0	0	0	0	0	0	0	0	0	0	0	0	0	0	0	0	0	0	0	0	0	0	0	0	0	0	0	0	1	0	0	0	2	0	0	0	0	0	0	0	0	0	0	0	0	0	0	0	0	0	0	0	0	0	0	3	0	0	0	0	0	0	0	0	0	0	0	1	0	0	0	0	0	0	0	0	0	0	0	0	0	0	0	0	0	0	0	0	0	0	0	0	0	0	0	0	0	0	0	0	0	0	0	0	0	0	0	0	0	0	0	0	0	0	0	0	0	0	0	0	0	0	0	0	0	0	0	0	0	0	23	17030	16303	626	16952	16929	0.9986	0	0	NPB13_024_TD	0.0945	24	TX	SA	SA	SATX	y	1	1	SATX
NPB13_046_CU	5	20	0	0	0	0	0	0	1	0	0	0	0	0	0	0	0	0	0	0	0	0	0	0	0	0	0	0	0	0	0	0	0	0	4	0	0	1	0	0	0	0	0	0	0	1	0	0	0	0	0	0	0	0	0	0	0	0	0	0	0	0	0	0	0	0	0	0	0	0	0	0	0	0	0	0	0	0	0	0	0	0	0	0	0	0	0	0	0	0	0	0	0	0	0	0	0	0	0	0	0	0	0	0	0	0	0	0	0	0	0	0	0	0	0	0	0	0	0	0	0	0	0	0	0	0	0	0	0	0	1	0	0	0	0	0	0	0	0	0	0	0	0	0	0	0	0	0	0	0	0	0	0	0	0	33	12299	12107	147	12287	12254	0.9973	0	0	NPB13_046_CU	0.0881	46	C	MOCK	JA	JAC	n	0	0	MC
NPB13_002_TU	0	6	2	0	10	0	0	0	0	0	0	0	0	0	9	0	0	0	0	0	0	0	0	0	0	0	0	0	0	0	0	0	0	0	0	0	0	0	0	0	0	0	0	0	0	0	0	0	0	0	0	0	0	0	0	0	0	0	0	0	0	0	0	0	0	0	0	0	0	0	0	0	0	0	0	0	0	0	0	0	7	0	0	0	1	0	0	0	0	0	0	0	0	0	0	0	0	0	0	0	0	0	0	0	0	0	0	0	0	0	0	0	0	0	0	0	0	0	0	0	0	0	0	0	0	0	0	0	0	0	0	0	0	0	0	0	0	0	0	0	0	0	0	0	0	0	0	0	0	0	0	0	0	0	0	35	7415	2713	4644	7392	7357	0.9953	0	0	NPB13_002_TU	0.115	2	TX	SA	SA	SATX	n	0	0	SATX
NPB13_024_CD	0	4	2	0	0	0	0	0	0	0	0	0	0	0	0	0	0	0	0	0	0	0	4	0	0	0	0	0	0	0	0	0	0	0	0	0	0	0	0	0	0	0	0	0	0	0	0	0	0	0	0	0	0	0	0	0	0	0	0	0	0	0	0	0	0	0	0	0	0	0	0	0	0	0	0	0	0	0	0	0	19	0	0	0	0	0	0	8	0	0	0	0	0	0	0	0	0	0	0	0	0	0	0	0	0	0	0	0	0	0	0	0	0	0	0	0	0	0	0	0	0	0	0	0	0	0	0	0	0	0	0	3	0	0	0	0	0	0	0	0	0	0	0	0	0	0	0	0	0	0	0	0	0	0	0	40	5207	1838	3290	5168	5128	0.9923	0	0	NPB13_024_CD	0.0404	24	C	MOCK	SA	SAC	n	1	0	MC
NPB13_035_CD	8	7	1	0	0	3	6	0	0	0	1	5	0	0	2	0	0	0	0	0	0	0	0	0	0	0	0	0	0	0	0	0	0	0	0	1	0	2	0	0	0	0	0	0	0	0	1	0	0	0	0	0	0	0	0	0	0	0	0	0	0	0	0	0	0	0	1	0	0	0	10	0	0	0	0	0	0	0	0	0	3	0	0	0	1	0	0	0	0	0	0	0	0	0	0	0	0	0	0	0	0	0	0	0	0	0	0	0	0	0	0	0	0	0	0	0	0	0	0	0	0	0	0	0	0	0	0	0	0	0	0	0	0	0	0	0	0	0	0	0	0	0	0	0	0	0	0	0	0	0	0	0	0	0	0	52	20071	17283	939	18274	18222	0.9972	0	0	NPB13_035_CD	0.0929	35	C	MOCK	M	MC	y	1	1	MC
NPB13_036_TU	8	10	15	0	0	0	0	0	0	0	0	0	21	0	0	0	0	0	0	0	0	0	0	0	0	0	0	0	0	0	0	0	0	0	0	0	0	0	0	0	0	0	0	0	0	0	0	0	0	0	0	0	0	0	0	0	0	0	0	0	0	0	0	0	0	0	0	0	0	0	0	0	0	0	0	0	0	0	0	0	0	0	0	0	0	0	0	0	0	0	0	0	0	0	0	0	0	0	0	0	0	0	0	0	0	0	0	0	0	0	0	0	0	0	0	0	0	0	0	0	0	0	0	0	0	0	0	0	0	0	0	0	0	0	0	0	0	0	0	0	0	0	0	0	0	0	0	0	0	0	0	0	0	0	0	54	9759	2508	7156	9718	9664	0.9944	0	0	NPB13_036_TU	0.1001	36	TX	JA	JA	JATX	n	0	0	JATX
NPB13_024_CU	28	13	0	0	7	0	4	0	0	0	2	1	0	0	0	0	0	0	0	0	0	0	0	0	2	0	0	0	0	0	0	0	0	0	0	0	0	0	0	0	0	0	0	1	0	0	0	0	0	0	0	0	0	0	0	0	0	0	0	0	0	0	0	0	0	0	0	0	0	0	0	0	0	2	0	0	0	0	0	0	2	0	0	0	0	0	0	0	0	0	0	0	0	0	0	0	0	0	0	0	0	0	0	1	0	0	0	0	0	0	0	0	0	5	0	0	0	0	0	0	0	0	0	0	0	0	0	0	0	0	0	0	0	0	0	0	0	0	0	0	0	0	0	0	0	0	0	0	0	0	0	0	0	0	0	68	6140	2322	3693	6083	6015	0.9888	0	0	NPB13_024_CU	0.028	24	C	MOCK	SA	SAC	n	0	0	MC
NPB13_009_TU	0	23	39	0	2	0	0	0	0	0	0	0	0	0	4	0	0	0	0	0	0	0	0	0	0	0	0	0	0	0	0	0	0	0	0	0	0	2	0	0	0	0	0	0	0	0	0	0	0	0	0	0	0	0	0	0	0	0	0	0	0	0	0	0	0	1	0	0	0	0	0	0	0	0	0	0	0	0	0	0	0	0	0	0	0	0	0	0	0	0	0	0	0	0	0	0	0	0	0	0	0	0	0	0	0	0	0	0	0	0	0	0	0	0	0	0	0	0	0	0	0	0	1	1	0	0	0	1	0	0	0	0	0	0	0	1	0	0	0	0	0	0	0	0	0	0	0	0	0	0	0	0	0	0	0	75	6862	1900	4863	6838	6763	0.9890	0	0	NPB13_009_TU	0.0729	9	TX	MOCK	M	MTX	n	0	0	MC
NPB13_039_TU	30	1	15	0	1	0	1	0	0	7	0	7	0	1	0	1	0	0	0	0	0	0	0	0	2	0	0	0	0	0	0	0	0	0	0	0	0	0	0	0	0	0	0	0	0	0	0	0	0	0	0	0	0	0	0	0	0	0	0	0	0	0	0	0	0	0	0	0	0	0	0	0	0	0	0	0	0	0	0	0	12	0	0	0	0	0	0	0	0	0	0	0	0	0	0	0	0	0	0	0	0	0	0	0	0	0	0	0	0	0	0	0	0	0	0	0	0	0	0	0	0	0	0	0	0	0	0	0	2	0	0	4	0	0	0	0	0	0	0	0	0	0	0	0	0	0	0	0	0	0	0	0	0	0	0	84	10000	3557	6325	9966	9882	0.9916	0	0	NPB13_039_TU	0.0638	39	TX	MOCK	M	MTX	n	0	0	MC
NPB13_036_TD	0	0	0	0	0	76	0	6	0	0	0	0	0	0	0	0	0	0	0	0	0	0	0	0	0	0	0	0	0	0	0	0	0	0	0	0	0	0	0	0	0	0	0	0	0	0	0	0	0	0	0	0	0	0	0	0	0	0	0	0	0	0	0	0	0	0	0	0	0	0	0	0	0	0	0	0	0	0	0	0	2	0	0	0	0	0	0	0	0	0	0	0	0	0	0	0	0	0	0	0	0	0	0	3	0	0	0	0	0	0	0	0	0	0	0	0	0	0	0	0	0	0	0	0	0	0	0	0	0	0	0	0	0	0	0	0	0	0	0	0	0	0	0	0	0	0	0	0	0	0	0	0	0	0	0	87	23153	22923	29	23039	22952	0.9962	0	0	NPB13_036_TD	0.0544	36	TX	JA	JA	JATX	y	1	1	JATX
NPB13_058_CU	1	48	1	0	0	0	3	0	4	2	0	0	0	1	5	0	0	0	5	0	0	0	3	4	0	0	0	0	0	0	0	0	0	0	0	0	0	0	0	0	0	0	0	1	3	0	0	0	0	0	0	0	0	0	0	0	0	0	0	0	0	0	0	0	0	0	0	0	0	0	1	0	0	0	0	0	0	2	0	0	0	0	0	0	0	0	0	0	0	0	0	0	0	0	0	0	0	0	0	0	0	0	0	0	0	0	0	0	0	0	0	1	0	0	0	0	0	0	0	0	0	0	0	0	0	0	0	0	0	0	0	4	0	0	0	0	0	0	0	0	0	0	0	0	0	0	0	0	0	0	0	0	0	0	0	89	7547	1947	5439	7475	7386	0.9881	0	0	NPB13_058_CU	0.102	58	C	MOCK	M	MC	n	0	0	MC
NPB13_002_CU	29	6	25	0	0	0	0	0	0	15	0	0	0	1	0	4	0	0	0	0	0	0	0	0	1	0	0	0	0	0	0	0	0	0	1	0	0	0	0	0	0	0	0	0	1	0	0	0	0	0	0	0	0	0	0	0	0	0	0	0	0	0	0	1	0	0	0	0	0	0	0	0	0	0	0	0	0	0	0	0	0	0	0	0	0	0	0	0	0	0	0	0	4	0	0	0	0	0	0	0	0	0	0	0	0	0	1	0	0	0	0	1	0	0	0	0	0	0	0	0	0	0	0	0	0	0	0	0	0	0	0	0	0	0	0	0	0	0	0	0	0	0	0	0	0	0	0	0	0	0	0	0	0	0	0	90	8964	3157	5686	8933	8843	0.9899	0	0	NPB13_002_CU	0.103	2	C	MOCK	SA	SAC	n	0	0	MC
NPB13_033_TU	0	34	12	0	7	1	0	2	0	5	0	7	1	0	0	0	0	0	9	0	0	0	0	0	0	0	0	0	1	1	0	0	0	0	0	0	0	0	0	0	0	0	0	0	0	0	1	0	0	0	0	0	0	0	0	0	0	0	5	0	0	0	0	0	0	0	0	0	0	0	1	0	0	0	0	0	0	0	0	1	4	0	0	0	0	0	0	0	0	0	1	0	0	0	0	0	1	0	0	0	0	0	0	0	0	0	0	0	0	0	0	0	0	0	0	0	0	0	0	0	0	0	0	0	0	0	0	0	0	0	0	1	0	0	0	0	0	0	0	0	0	0	0	0	0	0	0	0	0	0	0	0	0	0	0	95	31603	24886	6473	31454	31359	0.9970	0	0	NPB13_033_TU	0.0973	33	TX	SA	SA	SATX	n	0	0	SATX
NPB13_042_TU	17	32	11	0	17	0	0	0	0	0	0	0	18	0	0	1	0	0	0	0	0	0	0	0	0	0	0	0	0	0	0	0	0	0	0	0	0	0	0	0	0	0	0	0	4	0	0	0	0	0	0	0	0	0	0	0	0	0	0	0	0	0	0	0	0	0	0	0	0	0	0	0	0	0	0	0	0	0	0	1	3	0	0	0	0	0	0	0	0	0	0	0	2	0	0	0	0	0	0	0	0	0	0	0	0	0	0	0	0	0	0	0	0	0	0	0	0	0	0	0	0	0	0	0	0	0	0	0	0	0	0	0	0	0	0	0	0	0	0	0	0	0	0	0	0	0	0	0	0	0	0	0	0	0	0	106	7111	2671	4259	7036	6930	0.9849	0	0	NPB13_042_TU	0.0844	42	TX	SA	SA	SATX	n	0	0	SATX
NPB13_037_CU	34	32	2	0	0	2	2	0	0	1	0	0	11	0	0	1	0	0	0	0	0	0	0	0	3	0	0	0	0	0	0	0	0	0	9	0	0	1	0	0	0	0	0	0	0	0	4	0	0	0	0	0	0	0	0	1	0	0	0	0	0	0	0	1	0	0	0	0	0	0	0	0	0	0	0	0	0	0	1	0	0	0	0	1	0	0	0	0	0	0	0	0	0	0	0	0	0	0	0	0	1	0	0	0	0	0	0	0	0	0	0	0	1	0	0	0	0	0	0	0	0	0	0	0	0	0	0	0	0	0	0	0	0	0	0	0	0	0	0	0	0	0	0	0	0	0	0	1	0	0	0	1	0	0	0	110	10876	10683	56	10849	10739	0.9899	0	0	NPB13_037_CU	0.087	37	C	MOCK	SA	SAC	n	0	0	MC
NPB13_035_CU	9	6	1	0	1	11	0	23	2	0	0	1	6	0	3	0	0	0	0	2	8	0	0	0	0	0	0	0	0	5	0	0	0	0	2	0	0	0	0	0	0	1	0	0	1	0	20	0	0	0	0	0	0	0	0	0	0	0	2	0	3	0	0	0	0	0	0	0	0	0	0	0	0	0	0	0	0	0	0	4	2	0	0	0	0	0	0	0	0	0	0	0	0	0	0	0	0	0	0	0	0	0	0	0	0	0	0	0	0	1	0	0	0	0	0	0	0	0	0	0	0	0	0	0	0	0	0	0	0	0	0	1	0	0	0	0	0	0	0	0	0	0	0	0	0	0	0	0	0	0	0	0	0	0	0	115	9293	4945	4180	9240	9125	0.9876	0	0	NPB13_035_CU	0.0949	35	C	MOCK	M	MC	n	0	0	MC
NPB13_042_CD	1	0	91	0	0	0	0	0	0	0	0	0	0	0	0	0	0	0	0	0	0	0	0	0	0	0	0	0	0	0	0	0	0	0	0	0	0	0	0	0	0	0	0	0	0	0	0	0	0	0	0	0	0	0	0	0	0	0	0	0	0	0	0	0	0	1	0	0	0	0	0	0	0	0	0	0	0	0	0	0	7	0	0	0	0	0	0	0	0	0	0	0	0	0	0	0	0	0	0	0	0	0	0	0	0	0	0	0	0	0	0	0	0	0	0	0	0	0	0	0	0	0	4	0	0	1	0	1	0	0	0	30	0	1	0	1	0	0	0	0	0	0	0	0	0	0	0	0	0	0	0	0	0	1	0	139	10243	3809	6265	10213	10074	0.9864	0	0	NPB13_042_CD	0.0418	42	C	MOCK	SA	SAC	n	1	0	MC
NPB13_001_CU	19	34	50	0	1	10	0	1	0	0	0	7	0	0	0	1	0	0	0	0	0	0	0	0	0	4	0	0	0	2	0	0	0	3	0	0	0	1	0	0	0	0	0	0	0	0	0	0	0	0	0	0	0	1	0	1	0	0	2	0	0	0	0	0	0	0	0	1	0	0	0	0	0	0	0	0	0	0	0	0	2	0	0	0	0	0	0	0	1	0	0	0	12	0	0	0	0	0	0	0	0	1	0	0	0	0	0	0	0	0	0	0	0	0	0	0	0	0	0	0	0	0	0	0	0	0	0	0	0	0	0	0	0	0	0	0	0	0	0	0	0	0	0	0	0	0	0	0	0	0	0	0	0	0	0	153	8076	4076	3808	8037	7884	0.9810	0	0	NPB13_001_CU	0.096	1	C	MOCK	JA	JAC	n	0	0	MC
NPB13_032_CU	7	23	82	0	7	0	0	1	0	1	0	0	3	0	0	2	0	0	2	0	0	0	0	4	0	0	0	0	0	0	0	0	0	0	0	0	0	0	0	0	0	0	0	0	0	0	0	0	0	0	0	0	0	0	0	0	0	0	0	0	0	0	0	0	0	2	0	0	0	0	0	0	0	0	0	0	0	0	0	1	4	1	0	0	2	0	0	1	0	0	0	0	0	0	0	0	0	0	0	0	0	1	0	0	0	0	0	0	0	0	0	0	0	0	0	0	0	0	0	1	0	0	1	0	0	1	0	1	0	0	0	1	0	2	0	1	0	0	2	0	0	0	0	0	0	0	0	0	0	0	0	0	0	0	0	154	7765	3138	4442	7734	7580	0.9801	0	0	NPB13_032_CU	0.095	32	C	MOCK	SA	SAC	n	0	0	MC
NPB13_060_CU	8	38	66	0	0	1	0	0	0	0	0	0	0	0	0	0	0	0	2	0	0	0	0	0	2	0	0	0	0	0	0	0	0	0	1	0	0	0	0	0	0	1	0	0	0	0	0	0	0	0	0	0	0	0	0	0	0	0	0	0	0	0	0	0	0	2	0	0	0	1	1	0	0	1	0	0	16	0	0	0	2	0	0	0	0	0	0	0	0	0	0	0	1	0	0	1	0	0	0	0	0	0	0	0	0	0	0	0	11	0	0	0	0	0	0	0	0	0	0	0	0	0	0	0	0	2	1	0	0	0	0	0	0	0	0	0	0	0	0	0	0	0	0	0	0	0	0	0	0	0	0	0	0	0	0	158	7866	2447	5143	7748	7590	0.9796	0	0	NPB13_060_CU	0.77	60	C	MOCK	SA	SAC	n	0	0	MC
NPB13_051_CU	2	14	58	0	6	6	0	0	8	0	0	10	1	0	0	0	6	0	3	0	0	0	0	0	0	0	0	0	3	15	0	0	0	0	0	0	0	0	0	0	0	0	0	0	0	0	0	0	0	0	0	0	0	0	0	0	0	0	0	0	0	0	0	0	0	3	0	0	1	1	0	0	0	0	0	0	0	0	0	0	6	0	0	0	0	0	0	0	0	0	0	0	0	0	0	0	0	0	0	0	0	1	0	0	0	0	0	0	0	0	0	0	0	0	0	0	0	0	0	1	0	0	1	0	0	2	0	0	0	0	0	8	0	2	0	0	0	0	0	0	0	0	0	0	0	0	0	0	0	0	0	0	2	0	0	160	9347	2273	6852	9285	9125	0.9828	0	0	NPB13_051_CU	0.11	51	C	MOCK	SA	SAC	n	0	0	MC
NPB13_017_CU	57	56	1	1	0	3	0	22	0	0	0	0	0	0	0	1	0	0	0	0	0	0	0	0	1	0	0	0	0	0	0	0	0	0	0	0	4	1	0	0	0	0	0	0	0	0	0	0	0	0	0	0	0	0	0	1	0	1	0	0	0	0	0	2	0	0	0	2	0	2	0	0	0	1	0	0	0	0	0	0	0	0	0	0	0	0	0	0	1	0	0	0	0	0	0	0	0	0	0	0	0	0	1	0	0	0	0	0	0	0	0	0	1	0	0	0	0	0	0	0	0	0	0	0	0	0	0	0	0	0	0	0	0	0	0	0	0	0	0	0	0	0	0	0	0	2	0	0	0	0	0	0	0	0	0	161	9923	7156	2572	9889	9728	0.9837	0	0	NPB13_017_CU	0.085	17	C	MOCK	JA	JAC	n	0	0	MC
NPB13_044_CU	38	84	8	0	0	0	0	0	0	0	0	0	28	0	0	0	0	0	0	0	0	0	0	0	1	0	0	0	0	0	0	0	0	1	0	0	0	0	0	0	0	0	0	0	0	1	0	0	0	0	0	0	0	1	0	1	0	0	0	0	0	0	0	0	0	0	0	0	0	0	1	1	0	0	0	0	0	0	0	0	0	0	0	0	1	0	1	0	0	0	0	0	0	0	0	0	0	0	0	0	0	0	0	0	0	0	0	0	0	0	0	0	0	0	0	0	0	0	0	0	0	0	0	0	0	0	0	0	0	0	0	0	0	0	0	0	0	0	0	0	0	0	0	0	0	0	0	3	0	0	0	0	0	0	0	170	22783	21909	567	22646	22476	0.9925	0	0	NPB13_044_CU	0.0906	44	C	MOCK	JA	JAC	n	0	0	MC
NPB13_057_TU	9	152	8	0	0	0	0	1	0	0	0	0	0	0	0	0	6	0	0	0	0	0	0	0	1	0	0	0	0	0	0	0	0	0	0	0	0	1	0	0	0	0	0	0	0	0	0	0	0	0	0	0	0	0	0	0	0	0	0	0	0	0	0	0	0	0	0	0	0	2	0	0	0	0	0	0	0	0	0	0	3	0	0	0	0	0	0	0	1	0	0	0	0	0	0	0	0	0	0	0	0	0	0	0	0	0	0	0	0	0	0	0	0	0	0	0	0	0	0	0	0	0	0	0	0	0	0	0	0	0	0	0	0	0	0	0	0	0	0	0	0	0	0	0	0	0	0	0	0	0	0	0	0	0	0	184	9797	3909	5672	9765	9581	0.9812	0	0	NPB13_057_TU	0.0804	57	TX	MOCK	M	MTX	n	0	0	MC
NPB13_040_CU	16	11	129	0	0	0	0	0	0	1	0	0	19	0	0	1	0	0	0	0	0	0	0	0	1	0	0	0	0	0	0	0	0	0	0	0	0	0	0	0	0	0	0	0	0	0	0	0	0	0	0	0	0	0	0	0	0	0	1	0	0	0	0	0	0	3	0	0	0	1	2	0	0	0	0	0	0	0	0	0	0	0	0	0	0	0	0	0	0	0	0	0	0	0	0	0	0	0	0	0	0	0	0	0	0	0	0	0	0	0	0	0	0	0	0	0	0	0	0	1	0	0	0	0	0	0	0	1	0	0	0	0	0	1	0	1	0	0	0	0	0	0	0	3	0	0	0	0	0	0	0	0	0	2	0	194	13032	4615	8118	12927	12733	0.9850	0	0	NPB13_040_CU	0.0727	40	C	MOCK	SA	SAC	n	0	0	MC
NPB13_024_TU	7	78	8	0	39	3	0	2	0	0	0	0	1	0	3	0	0	0	2	0	0	0	0	0	0	0	0	0	0	0	0	0	0	0	0	0	0	1	0	0	0	0	0	0	0	0	48	0	0	0	0	0	0	2	0	0	0	0	0	0	0	0	0	0	0	0	0	0	0	0	0	0	0	0	0	0	0	0	0	0	6	0	0	0	0	0	1	0	0	0	0	0	0	0	0	0	0	0	0	0	0	0	0	0	0	0	0	0	0	0	0	0	0	0	0	0	0	0	0	0	0	0	0	0	0	0	0	0	0	0	5	0	0	0	0	0	0	0	0	0	0	0	0	0	0	0	0	0	0	0	0	0	0	0	0	206	9380	4529	4622	9357	9151	0.9780	0	0	NPB13_024_TU	0.0846	24	TX	SA	SA	SATX	n	0	0	SATX
NPB13_041_TU	137	14	10	1	0	10	2	0	0	0	0	0	14	0	0	4	0	0	0	1	0	0	0	0	1	0	0	0	0	0	0	0	0	0	0	0	0	0	0	1	0	0	0	2	7	0	1	0	0	0	0	0	0	0	0	0	0	0	0	0	0	0	0	0	0	0	0	0	0	0	0	0	0	0	0	2	1	0	2	0	1	0	0	0	0	0	0	0	0	0	0	0	3	0	0	0	0	0	0	0	0	0	0	1	0	0	0	4	0	0	0	0	0	0	0	0	0	0	1	0	0	0	0	0	0	0	0	0	0	0	0	0	0	0	0	0	0	0	0	0	0	2	0	0	0	0	0	0	0	0	1	0	0	0	0	223	12391	11668	387	12278	12055	0.9818	0	0	NPB13_041_TU	0.091	41	TX	MOCK	M	MTX	n	0	0	MC
NPB13_045_CU	42	153	10	0	1	0	0	1	1	0	0	0	0	0	0	1	0	0	0	0	0	0	0	0	0	0	0	0	0	0	0	0	0	0	0	0	0	1	0	0	0	0	0	0	0	5	1	0	0	0	0	0	0	2	0	0	0	0	0	0	0	0	0	0	0	0	0	0	0	0	0	0	0	0	0	0	0	1	0	0	0	0	0	0	0	0	2	0	1	0	2	0	0	0	1	0	0	0	0	0	0	0	0	0	0	0	0	0	0	0	0	0	0	0	0	0	0	0	0	0	2	0	0	0	0	0	0	0	0	0	0	0	0	1	0	0	0	0	0	0	0	0	0	0	0	0	0	2	0	0	0	1	0	0	0	231	14987	14112	531	14874	14643	0.9845	0	0	NPB13_045_CU	0.0955	45	C	MOCK	JA	JAC	n	0	0	MC
NPB13_006_CU	123	26	11	0	4	21	6	0	4	0	0	0	0	0	0	3	0	1	0	0	0	0	0	0	3	0	0	0	0	0	0	0	0	0	0	0	0	1	0	0	0	5	0	0	0	0	0	0	0	0	0	0	0	0	0	1	7	0	0	0	0	0	0	0	0	0	0	0	0	0	0	0	0	0	0	2	0	0	1	0	4	1	0	0	0	0	0	0	0	0	0	0	0	0	0	0	0	0	0	1	0	0	3	0	0	0	0	0	0	2	0	0	1	0	0	0	0	0	0	0	0	0	1	1	0	0	0	0	0	0	0	5	0	0	0	0	0	0	2	0	0	7	0	0	0	0	0	0	0	0	1	0	0	0	0	248	16476	13575	2593	16416	16168	0.9849	0	0	NPB13_006_CU	0.07	6	C	MOCK	JA	JAC	n	0	0	MC
NPB13_038_TU	11	63	12	0	3	16	0	2	8	0	0	0	13	4	6	0	0	0	4	5	0	1	0	2	0	0	0	0	0	25	0	0	0	0	0	0	0	2	0	0	0	0	0	0	5	0	32	0	0	0	0	0	3	0	0	0	0	0	8	0	15	0	0	0	6	0	0	0	0	1	0	0	0	0	0	0	0	0	0	13	0	0	0	5	0	0	0	0	0	0	0	0	0	0	0	0	0	1	0	0	1	0	0	1	0	0	0	0	0	0	0	0	0	0	0	0	2	0	0	0	0	0	0	0	0	0	2	0	0	0	0	0	0	0	0	0	0	0	0	0	0	0	0	0	0	0	0	0	0	0	0	0	0	0	0	272	19883	16675	2851	19798	19526	0.9863	0	0	NPB13_038_TU	0.0893	38	TX	JA	JA	JATX	n	0	0	JATX
NPB13_017_TU	45	163	12	0	1	2	0	3	0	0	0	0	1	0	14	3	1	0	2	0	0	0	0	0	4	0	0	0	0	0	0	0	0	0	0	0	0	0	0	0	0	0	0	0	1	0	0	0	0	0	0	0	0	0	0	0	1	0	0	1	0	0	0	1	0	0	1	0	0	0	0	1	0	1	0	0	0	0	0	0	0	0	3	0	0	0	1	0	4	0	0	0	1	1	0	0	0	0	0	0	0	0	0	0	0	0	0	0	0	0	0	0	0	0	0	0	5	0	0	0	0	0	0	1	0	0	0	0	0	0	0	0	0	0	0	0	0	0	0	0	0	0	0	0	0	0	0	0	0	0	0	0	0	0	0	274	9770	6370	3055	9699	9425	0.9717	0	0	NPB13_017_TU	0.0605	17	TX	JA	JA	JATX	n	0	0	JATX
NPB13_037_TU	9	208	24	0	2	1	0	6	0	0	0	5	1	0	0	0	0	0	0	0	0	0	0	0	0	0	0	0	0	0	0	0	0	0	0	0	0	1	0	0	0	0	0	0	0	0	0	0	0	0	0	0	0	3	0	0	0	0	0	0	0	0	0	1	0	0	0	0	0	1	1	1	0	1	0	0	0	0	0	0	1	1	3	0	0	0	1	0	2	0	0	0	0	0	0	0	0	0	0	0	2	0	0	0	0	0	0	0	0	0	0	0	0	0	0	0	0	0	0	0	0	0	0	0	0	0	6	0	0	0	1	0	0	0	0	0	0	0	0	0	0	0	0	0	0	2	0	0	0	0	0	0	0	0	0	284	9757	4606	4827	9717	9433	0.9708	0	0	NPB13_037_TU	0.0388	37	TX	SA	SA	SATX	n	0	0	SATX
NPB13_056_CU	26	25	14	6	19	0	0	0	4	0	0	16	0	0	0	0	0	0	0	0	0	0	0	5	1	0	0	0	0	142	0	0	0	2	0	0	0	1	0	0	0	0	0	0	0	0	0	0	0	0	0	0	0	1	0	1	0	0	10	0	0	0	0	0	0	0	0	0	1	0	0	0	0	0	0	0	1	0	0	0	0	0	1	0	0	0	0	5	0	0	0	0	0	0	0	0	0	0	0	0	0	0	0	0	0	0	0	0	0	0	0	0	0	0	0	0	14	0	0	0	0	0	0	0	0	0	0	0	0	0	0	6	0	0	0	0	0	0	0	0	1	0	0	0	0	0	0	0	0	0	0	0	0	0	0	302	12212	4691	7145	12138	11836	0.9751	0	0	NPB13_056_CU	0.092	56	C	MOCK	SA	SAC	n	0	0	MC
NPB13_008_TU	87	60	95	0	0	0	0	0	0	0	0	0	0	0	0	4	0	0	1	8	0	0	0	0	0	0	0	0	0	0	0	0	0	0	6	0	0	0	0	0	0	0	0	0	1	0	6	0	0	0	0	0	0	1	0	1	0	0	0	0	0	0	0	0	0	1	0	1	0	1	0	1	0	0	0	0	0	0	0	0	34	1	3	0	1	0	1	0	0	0	0	0	0	0	0	0	0	0	0	0	1	0	0	0	0	0	0	0	0	0	0	0	0	0	0	2	0	0	0	1	1	0	0	0	0	3	0	1	0	0	0	0	2	0	0	0	0	0	1	0	0	0	0	0	3	0	0	0	0	0	1	0	0	0	0	330	6217	2613	3144	6087	5757	0.9458	0	0	NPB13_008_TU	0.106	8	TX	SA	SA	SATX	n	0	0	SATX
NPB13_058_TD	0	142	79	0	63	0	0	0	0	0	0	0	0	0	0	0	0	0	0	0	0	0	0	0	0	0	0	0	0	0	0	0	0	0	0	0	0	0	0	0	0	0	0	0	0	0	0	0	0	0	0	0	0	0	0	0	0	9	0	0	0	0	0	0	1	0	0	0	0	2	2	0	0	0	0	0	0	0	0	0	2	0	0	0	0	0	0	1	0	0	0	0	0	0	0	0	0	0	0	0	3	2	0	14	0	0	0	0	0	0	1	0	0	0	0	0	0	0	0	0	1	0	0	1	0	2	1	0	0	0	2	0	0	0	0	1	0	0	0	0	0	0	0	0	4	0	0	0	0	0	0	0	0	0	0	333	8546	3160	4878	8371	8038	0.9602	0	0	NPB13_058_TD	0.086	58	TX	MOCK	M	MTX	y	1	1	MC
NPB13_006_TU	6	157	44	0	21	0	0	0	0	0	0	19	47	0	0	0	0	0	0	0	0	0	0	0	0	0	0	0	19	0	0	0	0	0	0	0	0	1	0	0	0	0	0	0	0	0	0	0	0	0	0	0	0	4	0	0	0	4	0	0	2	0	0	0	0	0	0	0	0	0	1	1	0	3	0	0	0	0	1	0	0	0	1	0	0	0	3	0	2	0	0	0	6	0	0	0	0	0	0	0	0	0	0	0	0	0	0	0	0	0	0	0	0	0	1	0	0	0	0	0	1	0	0	0	0	0	0	0	0	0	1	0	0	1	0	0	0	0	0	0	0	0	0	0	0	0	0	1	0	0	0	0	0	0	0	347	9470	3899	5149	9395	9048	0.9631	0	0	NPB13_006_TU	0.116	6	TX	JA	JA	JATX	n	0	0	JATX
NPB13_051_TU	19	26	161	0	0	0	0	1	0	0	0	41	0	0	68	0	0	0	0	0	0	0	0	0	0	0	0	0	0	9	0	0	0	0	0	0	0	0	0	0	0	0	0	0	0	0	0	0	0	0	0	0	0	0	0	0	0	0	0	0	0	0	0	0	10	8	0	0	0	0	0	0	0	0	0	0	0	0	0	0	12	0	0	0	0	0	0	0	0	0	0	0	0	0	0	0	0	0	0	0	0	1	0	2	0	0	0	0	0	0	0	0	0	0	0	0	0	0	0	1	0	0	1	0	0	0	0	0	0	0	0	0	3	0	0	2	0	0	2	0	0	0	0	0	2	0	0	0	0	0	0	0	0	0	0	369	11634	3949	7258	11576	11207	0.9681	0	0	NPB13_051_TU	0.103	51	TX	SA	SA	SATX	n	0	0	SATX
NPB13_010_CU	20	173	134	0	19	0	0	3	0	0	0	8	0	0	13	4	0	0	0	0	0	0	0	1	0	0	0	0	0	0	0	0	0	0	0	0	0	1	0	0	0	0	0	0	0	0	1	0	0	0	0	0	0	1	0	0	0	0	0	0	0	0	0	0	0	2	1	0	0	2	2	0	0	1	0	0	0	0	0	0	0	0	0	0	0	0	1	0	0	0	0	0	3	2	0	0	0	0	0	0	0	1	0	0	0	0	0	0	0	0	0	0	0	0	0	0	0	0	0	1	0	0	1	0	0	2	1	2	0	0	0	0	0	2	0	1	0	0	1	0	0	0	0	1	0	0	0	0	0	0	0	0	0	1	0	406	7075	2514	4112	7032	6626	0.9423	0	0	NPB13_010_CU	0.0866	10	C	MOCK	M	MC	n	0	0	MC
NPB13_031_CU	9	310	26	0	0	0	0	0	0	0	0	9	0	0	30	0	0	0	0	0	0	0	0	0	0	0	0	0	0	0	0	0	0	0	0	0	0	6	0	0	0	0	0	0	0	0	0	0	0	0	0	0	0	3	0	0	0	0	0	0	0	0	0	0	0	1	0	0	0	2	1	2	0	0	0	0	0	0	0	0	0	1	2	0	0	0	1	0	0	0	0	0	0	0	0	0	0	0	0	0	1	0	0	0	0	0	0	0	0	0	0	0	0	0	3	0	0	0	0	0	2	0	0	1	0	0	0	0	1	0	1	0	0	1	0	0	0	0	0	0	2	0	0	0	0	1	0	0	0	0	0	0	0	0	1	417	22808	18061	4175	22653	22236	0.9816	0	0	NPB13_031_CU	0.0922	31	C	MOCK	M	MC	n	0	0	MC
NPB13_033_CU	18	165	136	0	41	14	0	4	0	0	0	0	0	0	13	0	0	0	0	0	0	0	0	0	1	0	0	0	0	0	0	0	0	0	0	0	0	3	0	0	0	4	0	0	0	0	0	0	0	0	0	0	0	0	0	0	0	0	2	0	0	0	0	0	0	3	0	0	0	1	1	1	0	2	0	0	0	3	0	2	7	0	0	0	0	0	0	0	1	0	0	0	0	1	0	0	0	0	0	1	0	1	0	0	0	0	0	0	0	0	0	0	0	0	0	0	0	0	0	2	0	0	0	0	0	0	2	1	0	0	0	0	1	1	0	0	0	0	0	0	0	0	0	2	0	0	0	0	0	0	0	0	0	0	0	434	11801	4016	7260	11710	11276	0.9629	0	0	NPB13_033_CU	0.096	33	C	MOCK	SA	SAC	n	0	0	MC
NPB13_031_TU	92	257	40	0	2	0	0	1	0	1	0	8	0	1	10	6	0	0	0	0	0	0	0	0	7	0	0	0	0	0	0	0	0	6	0	0	0	1	0	0	0	0	0	0	3	0	0	0	0	0	0	0	0	0	0	1	0	0	0	0	0	0	0	1	0	0	0	0	0	2	2	1	0	2	0	0	0	2	2	0	2	0	0	0	1	0	0	0	0	0	0	0	0	1	0	0	0	0	0	0	0	0	0	0	0	0	0	0	0	0	0	0	1	0	0	0	0	0	0	0	0	0	0	0	0	0	0	0	0	0	0	0	0	1	0	0	0	0	0	0	0	0	0	0	0	0	0	0	0	0	0	0	0	0	0	454	8083	4125	3467	8046	7592	0.9436	0	0	NPB13_031_TU	0.0943	31	TX	MOCK	M	MTX	n	0	0	MC
NPB13_041_TD	10	385	10	0	0	0	0	1	0	0	0	4	0	0	0	1	0	0	0	16	0	0	0	0	0	0	0	0	0	0	0	0	0	0	0	0	0	3	0	0	0	0	0	9	0	0	0	0	0	0	0	0	0	4	0	0	0	1	0	0	0	0	0	0	0	0	0	0	0	1	3	0	0	1	0	0	9	4	0	0	2	0	0	0	0	0	1	0	0	0	0	0	0	1	0	0	0	0	0	0	2	0	0	0	0	0	0	0	0	0	0	0	0	0	2	0	0	0	0	0	1	0	0	8	0	0	0	0	0	0	1	0	0	0	0	2	0	0	0	0	0	0	0	0	1	0	0	0	0	0	0	0	0	0	0	483	7336	2485	4230	7198	6715	0.9329	0	0	NPB13_041_TD	0.026	41	TX	MOCK	M	MTX	n	1	0	MC
NPB13_054_CU	85	308	37	0	0	0	0	1	6	0	0	0	47	0	0	5	0	0	0	0	0	0	0	0	1	0	0	0	0	0	0	0	0	0	1	0	0	1	0	0	0	0	0	0	8	0	0	0	0	0	0	0	0	1	0	0	0	0	0	0	0	0	0	4	0	0	0	0	0	0	1	3	0	0	0	0	3	2	0	0	0	1	2	0	0	0	1	4	1	0	0	0	8	0	0	0	0	0	0	0	0	1	0	0	0	0	0	0	0	0	0	0	0	0	0	0	0	0	0	0	1	0	0	2	0	0	0	1	0	0	1	0	0	0	0	0	0	0	0	0	0	0	0	0	0	0	0	0	0	0	0	0	0	0	0	537	9249	3308	5289	9134	8597	0.9412	0	0	NPB13_054_CU	0.091	54	C	MOCK	SA	SAC	n	0	0	MC
NPB13_054_TU	152	80	24	0	0	10	54	0	1	0	2	4	80	0	0	9	0	0	0	0	0	0	0	12	5	0	0	0	0	0	0	0	0	0	0	0	5	0	0	1	0	0	0	0	1	0	1	0	0	0	0	0	0	0	0	1	0	0	0	0	0	0	0	1	0	0	0	0	0	1	1	1	0	0	0	2	0	0	1	0	3	0	0	37	0	0	0	25	0	0	0	0	6	1	0	0	0	0	0	0	1	0	0	0	0	0	0	10	0	0	0	0	0	0	0	1	0	0	0	0	0	0	0	0	0	0	0	0	0	0	0	0	0	0	0	0	0	3	0	2	0	0	0	0	0	0	0	0	0	0	0	0	0	0	0	538	16072	7850	7605	15993	15455	0.9664	0	0	NPB13_054_TU	0.0897	54	TX	SA	SA	SATX	n	0	0	SATX
NPB13_018_CU	0	527	6	0	0	0	0	2	0	0	0	0	0	0	3	0	0	0	0	0	0	0	0	0	0	0	0	0	0	0	0	0	0	0	0	0	0	5	0	0	0	0	0	0	0	0	0	0	0	0	0	0	0	2	0	0	0	0	0	0	0	0	0	0	0	0	0	0	0	3	3	2	0	4	0	0	0	4	0	12	0	3	0	0	0	0	1	0	3	0	0	0	0	0	0	0	0	0	0	0	2	0	0	0	0	0	0	0	0	0	0	0	0	0	0	0	0	0	0	0	3	0	1	0	0	0	0	0	0	0	1	0	0	0	0	0	0	0	0	0	0	0	0	0	1	0	0	0	0	0	0	0	0	0	2	590	12732	11144	961	12695	12105	0.9535	0	0	NPB13_018_CU	0.0826	18	C	MOCK	M	MC	n	0	0	MC
NPB13_046_TU	38	405	17	1	33	15	1	16	2	0	0	23	10	0	0	2	0	0	0	0	0	0	0	34	0	0	0	0	0	1	0	0	0	0	5	0	1	8	0	0	0	2	0	0	0	1	0	0	0	0	0	0	0	4	0	0	0	1	0	0	0	0	0	0	0	0	0	0	0	2	0	3	0	4	0	1	1	7	0	6	0	1	1	0	0	0	3	3	1	0	2	0	0	0	3	0	0	0	0	0	1	0	1	0	0	0	0	0	0	0	0	0	0	0	1	0	0	0	0	0	1	0	0	0	0	0	1	0	0	0	0	0	1	0	0	0	0	0	0	0	0	0	0	0	0	0	0	1	0	0	0	0	0	0	0	665	14143	9795	3593	14053	13388	0.9527	0	0	NPB13_046_TU	0.0956	46	TX	JA	JA	JATX	n	0	0	JATX
NPB13_030_CU	21	23	4	0	111	51	0	0	2	0	0	45	18	0	0	3	0	0	106	1	0	0	0	97	2	0	0	0	0	3	0	0	0	0	0	0	0	0	0	0	0	138	0	0	0	6	13	3	0	0	0	0	0	0	0	0	0	0	0	0	0	0	0	0	0	0	0	0	0	0	0	0	0	0	0	0	0	1	0	8	1	0	0	0	1	0	0	0	0	0	0	0	0	4	0	0	1	0	0	0	0	0	1	0	0	0	0	0	0	0	0	0	0	0	0	0	0	0	0	0	0	0	0	0	0	0	0	0	0	0	0	0	0	0	0	0	0	0	0	0	0	0	0	0	0	0	0	0	0	2	0	0	0	0	0	666	6833	2605	3196	6467	5801	0.8970	0	0	NPB13_030_CU	0.0746	30	C	MOCK	SA	SAC	n	0	0	MC
NPB13_040_TU	15	14	4	0	2	0	0	617	0	0	0	2	0	0	4	0	0	0	0	0	0	0	0	0	0	0	0	0	0	0	0	0	0	0	0	0	0	0	0	0	0	1	0	0	0	0	0	0	0	0	0	0	0	0	0	0	0	0	0	0	0	0	0	0	0	0	0	0	0	0	1	0	0	0	0	0	0	0	0	0	3	0	0	0	0	0	0	0	0	0	2	0	6	0	0	0	0	0	0	0	0	0	0	0	0	0	0	0	0	0	2	0	0	0	1	2	0	0	0	0	0	0	0	0	0	0	0	0	0	0	0	3	0	0	0	0	0	0	0	0	0	0	0	0	0	0	0	0	0	0	0	0	0	0	0	679	11086	5827	4537	11043	10364	0.9385	0	0	NPB13_040_TU	0.0822	40	TX	SA	SA	SATX	n	0	0	SATX
NPB13_045_TU	38	363	33	4	45	8	0	45	1	0	0	9	11	3	35	0	0	0	0	1	0	0	0	6	0	0	0	0	0	5	0	0	0	0	0	0	0	3	0	0	0	8	0	0	0	23	6	0	0	0	0	0	0	1	0	0	0	0	2	0	0	0	0	0	0	0	0	0	0	1	4	2	0	4	0	0	0	2	0	0	2	4	2	0	2	0	1	10	2	0	0	0	0	0	0	0	0	0	0	0	2	1	0	0	0	0	0	0	0	0	2	0	0	0	0	0	0	0	0	1	2	0	1	0	0	0	7	0	0	0	0	4	0	0	0	0	0	0	0	0	0	0	0	2	1	1	0	0	0	0	0	0	0	0	0	710	4789	1737	1588	4035	3325	0.8240	0	0	NPB13_045_TU	0.125	45	TX	JA	JA	JATX	n	0	0	JATX
NPB13_015_CU	194	129	35	0	24	16	17	13	0	1	0	160	2	0	30	15	0	0	0	0	0	0	0	7	5	0	0	0	0	0	0	0	0	0	13	0	1	0	0	0	0	3	0	0	0	0	0	0	0	0	12	0	0	1	0	2	0	0	0	0	0	2	0	0	0	0	0	0	0	0	0	0	0	0	0	3	0	0	0	38	0	3	1	0	2	0	2	0	1	0	0	0	4	1	0	0	0	0	0	0	2	0	0	0	0	0	0	0	0	2	0	0	0	0	0	0	0	0	0	0	1	0	0	0	0	0	1	0	0	0	0	0	0	0	0	1	0	0	0	1	0	0	0	1	0	0	0	0	1	0	0	0	0	0	0	747	6419	2685	2899	6331	5584	0.8820	0	0	NPB13_015_CU	0.0921	15	C	MOCK	M	MC	n	0	0	MC
NPB13_043_TD	0	353	0	0	0	0	0	5	0	0	0	7	298	0	0	0	0	0	11	0	0	0	0	0	0	0	0	0	0	0	0	0	0	0	0	0	0	6	0	0	0	0	0	0	0	0	27	0	0	0	0	0	0	4	0	0	0	0	0	0	0	0	0	0	0	0	0	0	0	2	1	2	0	1	0	0	0	1	0	0	0	0	0	0	0	0	0	0	0	0	0	0	0	0	0	0	0	0	0	0	1	0	0	0	0	0	0	0	0	0	0	0	0	0	3	0	0	0	0	0	2	0	0	2	0	0	0	0	0	0	0	22	0	0	0	0	0	0	0	0	0	0	0	0	0	0	0	1	0	0	0	0	0	0	1	750	12039	6496	4587	11833	11083	0.9366	0	0	NPB13_043_TD	0.0243	43	TX	MOCK	M	MTX	y	1	1	MC
NPB13_029_TU	10	343	33	0	30	2	1	12	1	0	0	14	1	0	0	0	0	0	0	0	0	0	17	0	0	0	0	0	0	0	0	0	0	0	15	0	0	3	0	0	0	19	0	0	0	1	2	0	0	0	0	0	0	2	0	0	0	1	0	0	0	0	0	0	0	0	2	1	0	0	5	0	0	0	0	0	19	1	0	3	0	0	1	0	0	0	2	0	0	0	0	0	0	0	0	0	0	0	0	0	1	0	0	0	0	0	0	0	0	0	0	0	0	0	2	0	0	0	0	2	3	0	0	5	0	0	0	0	0	0	0	196	0	1	0	0	0	0	1	0	0	0	0	1	0	0	0	1	0	0	0	0	0	0	0	754	14790	5677	7818	14249	13495	0.9471	0	0	NPB13_029_TU	0.0739	29	TX	JA	JA	JATX	n	0	0	JATX
NPB13_012_CU	5	467	66	0	5	0	0	5	0	0	3	0	0	0	21	0	0	0	4	0	0	0	0	0	0	0	0	0	0	2	0	0	0	0	0	0	0	8	0	0	0	0	0	0	0	0	0	0	3	0	0	0	0	1	0	0	0	0	6	0	0	0	0	0	0	0	0	0	9	6	2	1	0	1	0	0	0	5	0	0	0	1	1	0	0	0	1	0	2	0	0	0	134	0	0	0	0	0	0	0	1	1	0	5	0	0	0	0	0	0	0	0	0	0	3	0	0	0	0	1	1	0	0	0	0	0	0	0	0	0	0	0	0	0	0	0	0	0	0	0	0	0	0	0	0	0	0	2	0	0	0	0	1	1	5	780	13955	3499	9321	13600	12820	0.9426	0	0	NPB13_012_CU	0.0819	12	C	MOCK	JA	JAC	n	0	0	MC
NPB13_017_TD	145	514	4	0	0	0	0	1	0	9	0	0	0	1	0	9	0	0	0	0	0	0	0	5	5	0	0	0	0	0	0	0	0	0	0	0	0	2	0	2	0	1	0	0	10	5	0	0	0	0	0	0	0	7	0	2	0	0	0	0	0	0	0	0	2	0	3	0	0	1	2	4	0	4	0	0	0	2	0	0	0	4	2	1	0	0	3	0	3	0	1	0	0	0	1	2	0	0	0	0	2	1	0	0	0	0	0	8	7	2	0	0	0	0	0	0	0	2	0	0	0	0	0	5	0	0	0	0	0	0	0	0	0	0	0	0	0	0	0	0	0	0	0	0	0	1	0	0	0	0	0	0	0	0	0	785	16714	15105	493	16383	15598	0.9521	0	0	NPB13_017_TD	0.0612	17	TX	JA	JA	JATX	y	1	1	JATX
NPB13_001_TU	282	110	90	0	58	0	80	19	0	0	0	6	29	3	0	21	0	0	0	0	0	0	0	0	12	0	0	0	0	8	0	0	0	1	0	0	30	4	0	0	6	0	0	0	0	0	0	0	0	0	0	0	0	2	0	3	0	0	0	0	0	2	0	1	0	1	0	3	0	0	2	0	0	1	0	0	0	0	0	0	6	0	0	0	0	0	0	0	0	0	0	0	0	1	0	0	0	0	0	0	0	1	0	0	0	0	0	2	0	1	0	0	1	0	0	1	0	0	0	1	0	0	0	0	0	1	0	0	1	0	0	0	0	1	0	1	0	0	0	1	4	0	0	0	0	1	0	0	0	0	0	0	2	1	0	801	8986	4227	3551	8579	7778	0.9066	0	0	NPB13_001_TU	0.12	1	TX	JA	JA	JATX	n	0	0	JATX
NPB13_058_TU	165	321	10	0	1	0	82	3	26	12	1	6	43	0	0	5	0	0	0	0	0	0	0	0	1	0	0	0	3	0	0	0	0	0	4	0	6	3	0	0	0	0	0	0	93	0	1	0	0	0	0	0	0	0	0	1	4	0	0	0	0	0	0	0	0	1	0	1	0	1	0	2	0	0	0	0	24	3	2	0	11	1	2	0	0	0	3	0	3	0	0	0	0	1	0	1	0	0	0	0	4	0	0	1	0	0	0	0	0	0	0	0	0	9	3	0	0	0	0	1	0	0	0	1	0	0	0	0	0	0	0	0	0	0	0	0	0	1	0	3	0	0	0	0	0	0	0	0	0	0	0	0	0	0	0	870	9485	3750	4630	9250	8380	0.9059	0	0	NPB13_058_TU	0.097	58	TX	MOCK	M	MTX	n	0	0	MC
NPB13_043_TU	647	103	19	0	1	0	0	0	0	0	3	0	6	1	0	25	0	0	0	0	0	0	0	0	13	0	0	0	0	0	0	0	0	0	0	0	2	1	0	0	0	0	0	7	2	0	0	0	0	0	0	0	0	0	2	1	0	0	0	0	0	2	0	5	0	0	0	3	0	0	0	0	0	1	0	3	0	0	0	0	9	0	0	0	7	0	0	0	1	0	0	0	0	3	0	0	0	0	0	0	0	0	3	0	0	0	0	0	0	7	0	0	1	0	1	2	0	0	0	0	0	0	0	0	0	0	0	0	0	0	0	0	0	0	0	0	0	0	0	0	0	0	0	0	0	0	0	0	1	0	1	1	0	0	0	884	7589	4409	2193	7486	6602	0.8819	0	0	NPB13_043_TU	0.0892	43	TX	MOCK	M	MTX	n	0	0	MC
NPB13_011_TU	586	26	160	0	2	2	0	1	0	4	0	7	0	0	29	17	0	0	9	0	0	0	0	4	15	0	0	0	0	0	0	0	0	0	0	0	7	0	0	0	0	0	0	0	0	0	0	0	0	0	0	0	0	0	0	2	0	0	0	0	0	1	0	4	0	4	0	0	5	1	0	1	0	0	0	5	0	1	1	3	2	0	0	0	2	0	0	0	0	0	0	0	0	0	0	0	0	0	0	0	0	3	0	0	3	0	0	0	0	0	0	1	0	0	0	1	0	0	0	2	0	0	1	0	0	0	0	1	1	0	0	4	1	2	0	0	0	0	0	0	0	0	0	0	1	0	0	0	2	0	1	0	2	2	0	929	11294	3315	6963	11207	10278	0.9171	0	0	NPB13_011_TU	0.0866	11	TX	SA	SA	SATX	n	0	0	SATX
NPB13_027_CU	73	473	21	0	21	18	0	97	31	0	0	40	16	0	0	2	0	0	17	19	0	0	0	24	1	0	0	0	0	7	0	0	0	0	0	0	0	7	0	0	0	7	0	0	0	0	52	0	0	0	0	0	0	1	0	0	8	0	14	0	0	0	0	1	0	1	0	1	0	0	6	3	0	4	1	1	0	2	1	0	10	7	1	0	0	0	3	4	8	0	0	0	7	0	0	0	0	0	0	0	2	0	0	0	0	0	0	0	0	0	0	0	0	0	1	0	1	0	0	0	1	0	0	0	0	0	5	0	1	0	0	0	0	0	0	0	0	0	0	0	0	0	0	0	0	0	0	1	0	0	0	0	0	0	0	1022	12652	4636	6812	12470	11448	0.9180	0	0	NPB13_027_CU	0.0741	27	C	MOCK	JA	JAC	n	0	0	MC
NPB13_044_TU	35	891	6	0	0	2	0	8	0	0	0	0	5	0	0	1	0	0	0	0	0	0	0	0	0	0	0	0	0	0	0	0	0	0	4	0	0	8	0	0	0	0	0	0	0	4	0	0	0	0	0	0	0	3	0	0	0	1	0	0	0	0	0	0	0	1	0	0	0	5	5	8	0	4	0	0	0	4	0	0	0	2	10	0	0	0	5	0	5	0	4	0	0	0	0	0	0	0	0	0	3	0	0	0	0	0	0	0	1	0	0	0	0	0	3	0	0	0	0	0	0	0	0	0	0	0	1	0	0	0	1	0	0	0	0	0	0	0	0	0	0	0	0	0	0	1	0	1	0	0	0	0	0	0	0	1032	19714	17310	1233	19575	18543	0.9473	0	0	NPB13_044_TU	0.1023	44	TX	JA	JA	JATX	n	0	0	JATX
NPB13_009_CU	157	265	455	0	11	15	0	3	0	5	0	0	0	0	10	8	0	0	10	0	0	0	0	12	5	0	0	0	0	1	0	0	0	0	1	0	0	0	0	0	0	0	0	7	2	0	0	2	0	0	0	0	0	1	0	0	0	0	0	0	3	0	0	1	0	5	0	1	0	1	2	1	0	3	0	0	0	3	0	0	2	1	0	0	0	0	0	0	2	0	0	0	4	0	0	0	1	0	0	0	1	6	0	0	0	0	0	0	0	0	0	0	0	0	1	0	0	0	0	5	4	0	5	0	0	3	0	1	0	0	0	0	2	3	0	3	0	0	2	0	0	0	0	3	2	0	0	0	1	0	0	0	2	3	0	1047	12244	4187	6870	12104	11057	0.9135	0	0	NPB13_009_CU	0.068	9	C	MOCK	M	MC	n	0	0	MC
NPB13_048_CU	43	730	16	0	5	0	0	20	18	0	1	4	0	0	5	2	0	0	0	13	0	0	146	7	0	0	0	0	0	2	0	0	0	0	0	0	0	2	0	0	0	14	0	0	0	0	13	0	0	0	0	0	0	8	0	1	0	0	0	0	0	0	0	0	0	0	0	1	0	5	0	3	0	4	0	1	0	3	1	0	5	2	4	0	0	0	1	2	1	0	0	0	6	0	0	0	0	0	0	0	0	0	0	0	0	0	0	8	0	0	0	0	0	0	0	0	0	0	0	0	0	2	0	2	0	0	0	0	0	0	4	4	0	0	0	0	1	0	0	0	0	0	0	0	0	0	2	0	0	0	0	0	0	0	1	1113	10775	4568	4868	10549	9436	0.8945	0	0	NPB13_048_CU	0.0769	48	C	MOCK	SA	SAC	n	0	0	MC
NPB13_015_TU	28	972	45	0	0	6	0	2	1	0	0	0	11	0	0	2	0	0	3	2	0	0	0	0	1	0	0	0	1	2	0	0	0	0	0	0	0	14	0	0	0	0	0	0	0	0	2	0	0	0	0	0	1	5	0	0	0	0	2	0	0	0	0	0	0	0	0	0	0	6	1	1	0	3	0	0	0	8	0	0	0	6	4	0	0	0	3	1	0	0	0	0	0	0	0	0	0	0	0	0	2	0	0	0	0	0	0	0	0	0	0	0	0	0	0	0	0	0	0	0	2	0	0	0	0	0	4	0	0	0	0	0	0	0	0	0	0	0	0	0	0	0	0	0	0	0	0	1	0	0	0	0	0	0	7	1149	1281	81	17	1247	98	0.0786	0	0	NPB13_015_TU	0.1042	15	TX	MOCK	M	MTX	n	0	0	MC
NPB13_048_TU	85	625	157	0	117	12	0	2	0	0	0	0	9	24	176	1	0	0	0	2	0	0	0	23	1	0	0	0	0	0	0	0	0	0	1	0	0	8	0	2	0	0	0	0	0	0	0	0	0	0	0	0	0	5	0	0	0	0	0	0	0	0	0	0	0	4	0	2	0	4	3	0	0	5	0	0	0	3	2	9	10	2	2	0	0	0	0	0	6	0	0	0	0	0	0	0	0	0	0	1	3	2	0	0	0	0	0	0	0	0	0	0	0	0	4	0	0	0	0	1	6	0	0	1	0	0	0	3	1	0	1	0	0	4	0	1	0	0	0	0	1	0	0	1	1	0	0	0	0	0	0	0	2	0	1	1336	14110	6179	6481	13996	12660	0.9045	0	0	NPB13_048_TU	0.1056	48	TX	SA	SA	SATX	n	0	0	SATX
NPB13_033_TD	0	782	0	0	465	3	0	30	0	0	0	2	0	0	0	0	0	0	0	0	0	0	0	0	0	0	0	0	0	0	0	0	0	0	0	0	0	5	0	0	0	0	0	0	0	1	0	0	0	0	0	0	1	8	0	0	0	0	0	0	0	0	0	0	0	0	0	0	0	8	2	1	1	6	0	0	0	4	0	2	0	1	4	0	0	0	5	0	4	0	0	0	0	0	1	0	0	0	0	16	6	0	0	0	0	0	0	0	0	0	4	0	0	0	4	0	0	0	0	0	0	0	0	1	0	0	0	0	0	0	1	0	0	0	0	0	0	0	0	0	0	0	0	0	0	6	0	0	0	0	0	0	0	0	4	1378	18192	16624	73	18075	16697	0.9238	0	0	NPB13_033_TD	0.0978	33	TX	SA	SA	SATX	y	1	1	SATX
NPB13_017_CD	935	409	1	0	1	6	0	30	4	8	1	0	12	0	0	47	0	0	5	0	0	0	0	2	17	1	0	0	0	0	0	0	0	0	24	0	0	8	0	0	0	1	0	0	6	0	0	0	0	0	0	0	1	2	0	8	0	0	0	0	0	2	0	4	0	0	4	2	0	4	1	1	0	3	1	3	0	3	5	0	1	1	2	0	1	0	4	1	2	0	0	0	0	0	0	0	0	0	0	0	0	0	1	0	0	0	0	0	0	0	0	1	4	0	1	2	0	0	0	0	1	0	0	0	0	0	0	0	2	0	1	0	0	0	2	0	0	0	0	0	1	0	0	0	0	0	0	0	0	0	2	1	0	0	0	1593	11579	9851	24	11468	9875	0.8611	0	0	NPB13_017_CD	0.0596	17	C	MOCK	JA	JAC	y	1	1	MC
NPB13_008_CU	644	99	690	0	3	0	0	1	0	2	0	0	0	0	2	24	0	0	0	0	0	0	0	0	12	0	0	0	0	3	0	0	0	0	18	0	0	0	0	0	0	0	0	0	2	0	1	0	0	0	0	0	0	1	0	4	0	0	0	0	8	2	0	4	0	14	0	2	11	0	0	1	0	0	0	0	0	0	1	0	12	0	0	0	0	0	0	0	0	0	0	0	0	0	0	0	0	0	0	0	0	6	4	0	0	0	0	0	0	3	0	0	0	0	0	4	0	0	0	3	0	0	4	0	0	8	1	6	1	0	2	0	7	2	0	7	0	0	6	0	1	0	0	7	3	0	1	0	1	0	2	4	3	3	0	1650	9585	4142	3664	9456	7806	0.8255	0	0	NPB13_008_CU	0.08	8	C	MOCK	SA	SAC	n	0	0	MC
NPB13_058_CD	189	570	428	0	23	6	10	3	114	11	0	0	87	0	0	9	0	0	18	4	0	0	0	0	4	0	0	0	0	0	0	0	0	15	27	0	5	6	0	0	3	0	0	0	0	0	9	0	0	0	17	0	0	7	0	0	0	0	0	0	0	1	0	2	0	4	0	1	0	5	1	1	0	3	0	0	0	1	3	4	0	1	0	9	1	0	4	9	1	0	0	0	26	0	0	0	0	0	0	1	1	1	1	0	0	0	0	0	0	2	0	0	0	0	4	0	12	0	0	3	3	0	1	1	0	3	0	0	0	0	1	0	4	0	0	5	3	0	4	0	1	0	0	3	2	0	0	1	1	0	0	0	2	2	0	1704	10405	3424	4872	10000	8296	0.8296	0	0	NPB13_058_CD	0.092	58	C	MOCK	M	MC	y	1	1	MC
NPB13_039_CU	1	1536	6	0	1	1	0	7	0	0	0	0	0	0	0	0	0	0	0	0	0	0	1	0	0	0	0	0	0	0	0	0	0	0	0	0	0	17	0	0	0	0	0	0	0	0	0	0	0	0	0	0	0	16	0	0	0	1	0	0	0	0	0	0	0	0	0	0	0	8	3	17	0	6	0	0	0	7	0	0	2	6	11	0	0	0	3	0	7	0	0	0	5	0	0	0	0	0	0	0	12	0	0	0	0	0	0	0	0	0	0	0	0	0	3	0	0	0	0	0	4	0	0	20	0	0	2	0	0	0	2	0	0	0	0	0	0	0	0	0	0	0	0	0	0	1	0	2	0	0	0	0	1	0	0	1709	12802	3772	7222	12703	10994	0.8655	0	0	NPB13_039_CU	0.0582	39	C	MOCK	M	MC	n	0	0	MC
NPB13_035_TU	15	1582	2	0	3	0	0	10	0	0	0	0	1	0	0	0	0	0	0	0	0	0	0	0	0	0	0	0	0	0	0	3	0	0	0	0	0	20	0	0	0	0	0	0	0	0	6	0	0	0	0	0	0	14	0	0	0	0	0	0	0	0	0	0	0	0	1	2	0	7	4	6	0	9	0	0	0	13	0	0	0	4	8	0	0	0	8	0	5	0	3	0	0	0	0	0	0	0	0	0	4	0	0	0	0	0	0	0	0	0	0	0	0	0	3	0	0	0	0	0	3	0	0	2	1	0	0	0	0	0	2	0	0	0	0	0	0	0	0	0	0	0	0	0	0	1	0	3	0	0	0	0	0	0	0	1745	11671	5983	3844	11572	9827	0.8492	0	0	NPB13_035_TU	0.0854	35	TX	MOCK	M	MTX	n	0	0	MC
NPB13_056_TU	63	300	176	0	118	6	16	2	52	0	0	6	10	7	123	0	0	0	5	0	0	0	0	0	3	0	0	0	0	676	0	0	0	9	0	0	1	4	0	0	0	0	0	0	0	0	0	0	0	0	3	0	0	1	0	0	0	4	56	0	0	0	0	1	3	2	0	1	1	3	2	0	0	0	1	0	0	1	0	0	22	1	0	0	0	0	1	13	0	0	0	0	14	0	0	0	0	0	0	0	1	3	0	0	0	0	0	0	0	0	0	0	0	0	4	0	58	0	0	1	0	0	1	1	0	2	1	3	0	0	1	7	1	2	0	1	2	0	2	1	2	0	0	0	2	0	0	0	0	0	0	0	1	0	0	1804	13282	4730	6452	12986	11182	0.8611	0	0	NPB13_056_TU	0.086	56	TX	SA	SA	SATX	n	0	0	SATX
NPB13_050_TU	21	1561	54	0	4	1	0	7	0	0	0	11	0	0	5	1	0	0	0	0	0	0	0	0	0	0	0	0	0	11	0	0	0	0	0	0	0	14	0	0	0	0	0	0	0	0	2	0	0	0	0	0	0	8	0	0	0	0	0	0	0	0	0	0	0	1	0	0	0	4	0	18	0	6	0	0	0	6	1	0	1	11	14	0	0	0	4	0	9	0	2	0	0	0	0	0	0	0	0	0	3	3	0	0	0	0	1	0	22	0	0	0	0	0	15	0	0	0	0	0	3	0	1	2	0	0	0	0	0	0	1	0	1	0	0	1	0	0	0	0	0	0	0	0	0	0	1	2	0	0	0	0	0	0	2	1835	9272	3256	4086	9177	7342	0.8000	0	0	NPB13_050_TU	0.075	50	TX	MOCK	M	MTX	n	0	0	MC
NPB13_018_TD	1	9	623	0	0	0	0	0	0	0	0	2	0	0	1131	0	1	0	0	0	0	0	0	0	0	0	0	0	0	0	0	0	0	0	0	0	1	0	0	0	0	0	0	0	0	1	0	0	0	0	0	0	0	1	0	0	0	0	0	0	0	0	0	0	0	15	0	0	0	0	8	0	0	0	0	0	0	0	0	0	0	0	1	0	0	0	0	0	0	0	0	0	0	0	0	0	0	0	0	0	0	8	0	0	0	0	0	0	0	0	0	0	0	0	0	0	3	0	0	3	0	0	3	0	0	2	0	6	0	0	0	0	1	4	0	3	0	0	5	0	0	0	0	2	4	0	8	0	0	0	0	0	4	7	0	1857	4137	1006	87	2950	1093	0.3705	0	0	NPB13_018_TD	0.0843	18	TX	MOCK	M	MTX	y	1	1	MC
NPB13_010_TU	333	347	186	0	312	1	0	21	0	0	0	4	0	19	23	9	0	0	323	1	0	0	0	308	6	0	0	0	10	20	0	0	0	0	0	0	0	0	0	1	0	31	0	0	0	2	1	0	0	0	0	0	0	4	0	2	0	0	10	0	10	3	0	3	0	4	1	3	3	1	2	1	0	3	0	2	0	1	3	1	5	1	0	2	2	0	1	0	0	0	0	0	0	1	1	0	0	0	0	1	1	11	0	0	0	0	0	0	0	0	0	0	1	0	3	0	0	0	0	1	2	0	0	0	0	1	3	1	1	0	1	0	0	0	0	5	0	0	1	0	0	0	0	3	1	1	0	1	1	5	1	0	1	2	0	2077	11425	6057	3107	11241	9164	0.8152	0	0	NPB13_010_TU	0.0636	10	TX	MOCK	M	MTX	n	0	0	MC
NPB13_041_CU	997	505	19	0	6	23	1	14	1	1	0	4	130	3	1	36	0	0	0	0	0	0	1	2	23	7	0	0	0	0	0	0	0	0	28	0	0	3	0	0	0	0	0	0	9	2	2	0	0	0	5	0	1	5	0	9	0	0	0	0	0	3	0	4	4	2	3	5	0	3	2	2	0	4	0	4	0	7	8	0	0	5	3	0	1	0	4	141	2	0	0	0	0	2	2	1	0	0	0	0	2	0	4	0	0	0	0	0	0	6	0	0	3	0	2	0	0	0	2	0	1	0	0	1	0	0	0	0	2	0	1	0	0	0	5	0	0	0	0	0	1	3	0	0	0	3	0	2	2	0	2	1	0	0	0	2093	10020	3953	3758	9804	7711	0.7865	0	0	NPB13_041_CU	0.095	41	C	MOCK	M	MC	n	0	0	MC
NPB13_043_CU	1289	606	8	0	1	3	0	5	2	0	0	0	2	0	7	55	0	0	0	0	0	0	0	0	34	0	0	0	0	0	0	0	0	0	17	0	3	6	0	0	0	0	0	0	0	0	0	1	0	0	0	0	0	5	0	10	3	0	0	0	0	5	0	6	29	0	1	3	0	3	0	3	0	2	0	5	0	8	7	0	0	2	3	0	6	0	4	0	2	0	0	0	0	5	0	12	0	0	0	0	8	0	0	0	0	0	0	0	0	1	0	0	1	0	5	1	0	0	0	0	2	0	0	9	0	0	0	0	4	0	0	0	0	0	1	0	0	0	0	0	2	1	0	0	0	0	0	3	1	0	3	6	0	0	0	2211	7420	2579	2466	7256	5045	0.6953	0	0	NPB13_043_CU	0.0935	43	C	MOCK	M	MC	n	0	0	MC
NPB13_018_TU	5	2220	5	0	0	0	0	5	0	0	0	0	0	0	0	0	0	0	0	0	0	0	4	0	1	0	0	0	0	0	0	0	0	0	0	1	0	28	0	0	0	0	0	0	1	0	0	0	0	0	0	0	0	15	0	0	0	0	0	0	0	0	0	0	0	0	0	0	0	11	9	6	0	7	0	0	0	6	0	0	0	7	14	0	0	0	8	0	12	0	1	0	0	0	0	0	0	0	0	0	4	0	0	0	0	0	0	0	0	0	0	0	0	0	5	0	0	0	0	0	7	0	0	0	0	0	1	0	0	0	2	0	0	0	0	0	0	0	0	0	0	0	0	0	0	0	0	2	0	0	0	0	0	0	8	2395	8519	1446	4554	8395	6000	0.7147	0	0	NPB13_018_TU	0.0205	18	TX	MOCK	M	MTX	n	0	0	MC
NPB13_021_CU	0	2442	1	0	0	0	1	8	4	0	0	0	0	0	3	0	0	0	0	0	0	0	0	0	0	0	0	0	0	0	0	1	0	0	0	0	0	42	0	0	0	0	0	0	2	0	0	0	0	0	0	0	0	16	0	0	0	0	0	0	0	0	0	0	0	0	0	0	0	10	2	13	0	10	0	0	0	13	0	0	0	13	17	0	0	0	11	0	12	0	0	0	0	0	0	0	0	0	0	0	5	0	0	0	0	0	0	0	0	0	0	0	0	0	8	0	0	0	0	0	4	0	0	4	0	0	3	0	0	0	2	0	0	0	0	0	0	0	0	0	0	0	0	0	0	1	0	2	0	0	0	0	0	0	8	2658	11761	7137	1835	11630	8972	0.7715	0	0	NPB13_021_CU	0.0959	21	C	MOCK	SA	SAC	n	0	0	MC
NPB13_032_TD	43	508	1184	0	611	0	0	47	1	0	0	0	4	0	0	2	0	0	0	5	0	0	0	56	3	0	0	0	0	0	0	0	0	0	0	0	0	7	0	0	0	2	0	0	0	0	0	0	0	0	0	0	0	3	0	0	0	0	0	0	0	0	0	0	0	24	0	0	0	3	2	0	0	5	0	0	0	2	0	0	0	2	1	0	1	0	3	0	0	0	0	0	0	1	1	0	0	0	0	19	4	10	0	0	0	0	0	0	0	0	8	0	0	0	3	0	0	0	0	9	1	0	9	5	0	4	1	7	0	0	0	2	11	10	0	10	0	0	7	0	0	0	0	9	6	5	0	0	0	0	0	0	7	4	0	2672	13533	10653	63	13388	10716	0.8004	0	0	NPB13_032_TD	0.0868	32	TX	SA	SA	SATX	y	1	1	SATX
NPB13_032_TU	13	2680	34	0	38	25	0	15	1	0	0	7	0	0	8	0	0	0	2	0	0	0	0	1	0	0	0	0	0	0	0	0	0	0	0	0	0	27	0	0	0	1	0	0	0	0	2	0	0	0	0	0	0	23	0	0	0	0	0	0	0	0	0	0	0	1	0	0	0	13	4	14	0	13	0	0	0	19	0	0	3	10	13	0	0	0	13	0	5	0	2	0	0	0	0	0	0	0	0	0	15	0	0	0	0	0	0	0	2	0	0	0	0	0	6	0	0	0	0	1	6	0	0	1	0	0	19	0	0	0	9	0	0	0	0	0	0	0	0	0	0	0	0	0	1	1	0	4	0	0	0	0	0	0	0	3052	20770	8166	9379	20597	17545	0.8518	0	0	NPB13_032_TU	0.0893	32	TX	SA	SA	SATX	n	0	0	SATX
NPB13_015_TD	165	1775	1	0	144	63	1	388	5	4	2	48	102	0	1	4	0	0	29	6	5	0	0	44	3	0	0	0	0	0	0	0	0	0	0	0	0	32	0	2	0	31	0	1	0	17	5	18	0	0	18	0	17	7	3	1	0	0	0	0	8	0	0	2	4	0	10	0	0	8	5	7	9	8	1	0	0	10	0	15	0	9	5	3	2	0	0	16	2	0	4	1	0	2	8	12	10	0	0	7	7	0	0	0	0	0	0	9	6	1	7	0	0	0	8	0	0	1	2	0	4	0	0	2	0	0	1	0	0	0	5	0	0	0	2	0	0	0	0	0	0	1	0	0	0	9	0	2	0	0	0	0	0	0	6	3183	16030	12459	17	15659	12476	0.7967	0	0	NPB13_015_TD	0.0841	15	TX	MOCK	M	MTX	y	1	1	MC
NPB13_027_TU	488	2058	2	1	191	95	8	110	4	0	0	51	25	0	2	13	0	0	39	3	0	0	0	14	8	0	0	0	0	0	0	0	0	0	10	0	2	19	0	0	0	0	0	0	3	3	6	6	0	0	0	0	7	12	0	3	0	0	0	0	7	1	0	2	0	0	4	2	0	13	6	8	2	5	1	3	0	11	1	0	0	11	9	17	0	0	7	0	9	0	3	0	0	1	2	3	0	0	0	3	4	0	0	0	0	0	0	0	0	0	0	1	1	0	2	1	7	0	0	0	4	0	0	3	0	0	1	0	0	0	3	0	0	0	2	0	0	0	0	0	0	6	0	0	0	6	0	4	2	1	0	2	0	0	7	3371	9209	2406	3130	8907	5536	0.6215	0	0	NPB13_027_TU	0.0738	27	TX	JA	JA	JATX	n	0	0	JATX
NPB13_050_CU	42	1909	35	0	12	1	0	14	0	36	0	12	0	0	0	0	0	0	1	0	0	0	0	0	0	0	0	0	0	0	0	0	0	0	0	0	10	21	0	0	0	0	0	0	9	0	0	0	0	0	0	0	0	14	0	0	0	11	0	0	0	1	0	0	407	1	0	0	0	10	8	5	0	8	0	0	0	8	0	0	2	9	5	0	2	0	6	0	6	0	0	0	0	0	0	0	0	0	0	0	10	2	0	0	0	0	0	0	737	0	0	1	0	0	7	0	0	0	0	0	9	0	0	1	3	0	0	0	0	0	2	0	0	0	0	0	0	0	0	0	0	0	0	0	0	4	0	5	0	0	0	0	0	1	0	3387	11179	4677	2812	10876	7489	0.6886	0	0	NPB13_050_CU	0.073	50	C	MOCK	M	MC	n	0	0	MC
NPB13_042_CU	2152	47	28	0	2	11	6	0	0	0	0	0	1	5	18	97	0	2	0	0	0	0	0	0	49	0	0	0	0	0	0	17	0	0	0	0	0	2	0	0	0	0	0	4	666	0	0	0	0	0	0	0	0	0	5	14	0	0	0	0	0	7	0	17	0	0	0	6	0	0	0	0	0	0	0	10	90	0	11	0	0	0	0	0	12	0	0	0	1	0	0	0	4	28	1	5	0	0	0	0	0	1	10	0	0	0	0	0	0	4	0	0	10	0	0	7	0	0	3	1	0	0	0	0	0	0	1	0	5	0	2	0	0	0	0	0	0	0	0	0	4	2	0	0	0	0	4	0	7	0	3	5	0	0	0	3387	15077	5085	6118	14590	11203	0.7679	0	0	NPB13_042_CU	0.0839	42	C	MOCK	SA	SAC	n	0	0	MC
NPB13_040_CD	8	29	3273	0	0	0	0	12	0	0	0	0	0	0	0	0	0	0	0	0	0	0	0	0	1	0	0	0	0	0	0	0	0	0	0	0	0	0	0	0	0	0	0	0	0	0	0	0	0	0	0	0	0	1	0	0	0	0	0	0	0	0	0	0	0	48	0	0	0	0	0	0	0	0	0	0	0	0	0	0	0	0	0	0	1	0	0	0	1	0	0	0	0	0	0	0	0	0	0	0	0	32	0	0	0	0	0	0	0	1	0	0	0	0	0	0	0	0	0	16	0	0	19	0	0	24	0	17	0	0	0	0	30	13	0	14	0	0	16	0	0	0	0	15	14	0	0	0	0	0	0	0	17	11	0	3613	8924	4693	430	8736	5123	0.5864	0	0	NPB13_040_CD	0.0716	40	C	MOCK	SA	SAC	y	1	1	MC
NPB13_008_CD	77	918	2110	1	0	0	0	4	0	0	0	115	0	0	86	4	0	0	0	0	0	0	0	0	2	0	0	0	0	0	0	0	0	0	0	0	0	8	0	0	0	0	0	0	0	0	0	0	0	0	0	0	0	5	0	0	0	0	0	0	0	0	0	1	65	34	0	0	0	6	1	6	0	7	0	2	0	3	1	0	18	5	4	0	0	0	5	0	6	0	11	0	0	0	0	0	0	0	0	0	3	20	0	0	0	0	0	0	0	0	0	0	1	0	4	0	0	0	0	11	2	0	19	9	0	21	2	15	0	0	1	0	12	17	0	12	0	0	11	0	0	0	0	12	12	0	0	0	0	0	0	0	10	15	0	3714	10892	5093	1860	10667	6953	0.6518	0	0	NPB13_008_CD	0.037	8	C	MOCK	SA	SAC	y	1	1	MC
NPB13_057_CU	16	3237	0	0	0	0	0	97	0	0	0	3	0	0	0	1	0	0	0	0	0	0	0	1	0	0	0	0	0	0	0	0	0	0	0	0	0	27	0	0	0	15	0	0	0	199	0	0	0	0	0	0	0	20	0	0	0	0	0	0	0	0	0	0	0	0	0	0	0	20	8	11	0	18	0	0	0	13	0	9	3	15	14	0	0	0	17	0	9	0	0	0	1	0	0	0	0	0	0	0	4	0	0	0	0	0	0	0	0	0	12	0	0	0	7	0	0	0	0	0	11	0	0	4	0	0	0	0	0	0	8	0	0	0	0	0	0	0	0	0	0	0	0	0	0	8	0	2	0	0	0	0	0	0	14	3824	12800	2598	4131	10553	6729	0.6376	0	0	NPB13_057_CU	0.014	57	C	MOCK	M	MC	n	0	0	MC
NPB13_011_CU	682	271	381	0	14	0	0	6	50	330	0	69	0	5	35	35	0	0	22	0	0	0	0	5	11	0	0	0	0	0	0	0	0	0	1686	0	0	2	0	24	0	7	0	0	12	0	0	0	0	0	0	0	0	2	0	4	0	0	0	0	0	0	0	6	0	9	1	9	0	3	0	0	0	2	0	4	0	1	4	15	0	1	3	11	6	0	4	0	0	0	0	0	0	1	0	0	0	0	0	0	1	2	1	0	0	0	0	7	0	2	0	13	1	0	1	7	0	0	0	5	0	0	1	0	8	11	2	1	1	0	0	0	2	2	4	5	1	0	3	0	1	0	0	2	2	0	0	0	1	0	7	1	2	0	0	3830	13476	2739	6384	12953	9123	0.7043	0	0	NPB13_011_CU	0.0856	11	C	MOCK	SA	SAC	n	0	0	MC
NPB13_002_CD	0	7	3608	0	0	3	0	0	0	0	7	124	0	1	0	0	0	0	0	0	0	0	0	0	0	0	0	0	0	0	0	0	0	0	0	0	0	0	0	0	0	0	0	0	0	0	0	0	0	0	0	0	0	0	0	0	0	0	0	0	1	0	0	0	0	62	0	0	0	0	0	0	0	0	0	0	0	0	0	0	1	0	0	0	0	0	0	0	0	0	0	0	2	0	0	0	0	0	0	0	0	36	0	0	0	0	0	0	0	0	0	0	0	0	0	0	0	0	0	22	0	0	20	0	0	23	0	31	0	0	0	0	26	18	0	19	0	0	22	0	0	0	0	19	27	0	0	0	0	0	0	0	19	21	0	4119	10101	5370	353	9842	5723	0.5815	0	0	NPB13_002_CD	0.079	2	C	MOCK	SA	SAC	y	1	1	MC
NPB13_038_TD	82	399	3301	0	1	1	0	1	1	0	0	0	0	10	1	7	0	0	0	0	0	0	0	0	1	0	0	0	0	0	0	0	0	0	0	0	0	11	0	0	0	0	0	0	0	0	0	0	0	0	0	0	0	4	0	1	0	0	0	0	0	0	0	1	0	52	0	0	0	3	1	2	0	4	0	0	0	3	1	0	0	0	2	0	0	0	2	0	0	0	1	0	0	5	0	0	0	0	0	0	4	31	0	0	0	0	0	0	0	0	0	0	2	0	0	2	0	0	0	19	3	0	31	0	0	25	0	21	0	0	1	0	25	15	0	17	0	0	28	0	0	0	0	23	15	1	0	1	0	0	0	0	14	18	0	4194	18281	11108	2761	18063	13869	0.7678	0	0	NPB13_038_TD	0.0826	38	TX	JA	JA	JATX	y	1	1	JATX
NPB13_051_TD	3	601	1508	0	298	115	0	615	0	0	0	126	10	0	3	0	0	0	219	0	0	0	0	27	0	0	0	0	0	0	0	0	0	0	0	0	0	4	0	0	2	81	0	0	0	466	5	12	0	0	0	0	7	3	0	1	0	0	0	0	6	0	0	0	0	26	0	0	0	3	4	3	18	8	0	0	0	2	0	3	0	1	3	0	0	0	2	0	0	0	13	0	0	0	0	0	16	0	0	8	1	13	0	0	0	0	0	0	0	0	8	0	0	0	4	0	0	0	0	16	1	0	4	0	0	2	4	4	0	0	2	0	11	8	0	2	0	0	11	0	0	0	0	6	7	3	0	0	0	56	0	0	9	5	0	4399	7797	2047	18	6464	2065	0.3195	0	0	NPB13_051_TD	0.081	51	TX	SA	SA	SATX	y	1	1	SATX
NPB13_060_TU	3013	108	227	0	3	458	14	0	1	0	0	2	28	0	58	132	0	8	0	0	0	0	0	0	54	0	0	0	0	0	0	6	0	0	0	0	5	0	0	1	0	1	0	0	76	0	1	1	0	0	0	0	4	2	0	20	2	0	0	0	0	11	0	18	0	4	1	14	0	0	0	1	0	0	0	15	0	1	8	0	1	0	0	0	10	0	0	25	0	0	0	0	0	8	0	0	1	0	0	0	0	1	11	0	0	0	0	0	0	12	0	0	6	0	0	11	0	0	0	1	2	0	3	0	0	3	0	0	7	0	0	0	2	2	2	2	0	0	2	0	11	0	0	1	2	0	1	1	5	0	4	3	0	0	0	4438	10756	2743	3304	10485	6047	0.5767	0	0	NPB13_060_TU	0.111	60	TX	SA	SA	SATX	n	0	0	SATX
NPB13_019_CD	223	3751	10	0	14	10	0	74	1	1	0	0	5	0	2	12	0	0	0	0	1	0	0	4	4	0	0	0	0	0	0	1	0	0	34	0	0	37	0	0	0	3	0	0	0	24	1	2	0	0	0	0	6	28	0	4	1	0	1	0	1	0	0	2	0	0	8	1	0	26	11	15	0	17	0	1	0	20	3	4	0	11	12	0	3	0	20	0	24	0	0	0	2	0	1	0	0	0	0	0	6	0	2	0	0	0	0	0	0	3	1	0	1	0	9	1	0	0	0	0	11	0	0	0	0	1	36	0	0	0	15	0	0	0	9	0	0	0	0	0	1	0	0	0	0	3	0	5	0	0	0	0	0	0	1	4541	21648	16660	193	21394	16853	0.7877	0	0	NPB13_019_CD	0.0891	19	C	MOCK	JA	JAC	y	1	1	MC
NPB13_002_TD	10	237	1766	0	2383	0	0	5	0	0	0	0	0	0	0	0	0	0	0	1	0	0	0	0	0	0	0	1	0	0	0	0	0	0	0	0	0	4	0	0	0	0	0	0	0	0	0	0	0	0	0	0	0	0	0	0	0	0	0	0	0	0	0	0	0	34	0	0	0	0	4	4	0	2	0	0	0	0	0	3	2	0	2	0	0	0	0	0	1	0	0	0	0	0	0	0	0	0	0	4	0	18	0	0	0	0	0	0	0	0	12	0	0	0	4	0	0	7	0	14	0	0	6	0	0	6	0	20	0	0	4	0	11	12	0	13	0	0	7	0	0	0	0	8	9	1	0	2	0	0	0	0	7	14	0	4638	13801	4587	4372	13597	8959	0.6589	0	0	NPB13_002_TD	0.091	2	TX	SA	SA	SATX	y	1	1	SATX
NPB13_021_TU	78	4353	3	1	0	3	15	26	21	7	0	6	10	0	0	0	0	0	0	1	0	0	0	0	1	0	0	0	0	0	0	0	0	0	0	0	0	53	0	0	0	0	0	0	2	0	0	0	0	0	0	0	2	31	0	1	0	0	0	0	0	0	0	0	3	0	1	0	1	25	17	10	0	18	0	0	0	26	0	0	0	13	28	0	1	0	16	42	22	0	3	0	0	0	2	0	0	0	0	0	11	0	0	0	0	0	1	0	0	0	0	0	0	0	15	0	0	0	0	0	9	0	0	44	0	0	5	0	0	0	9	0	0	0	0	0	0	1	0	0	0	0	0	0	0	1	0	6	0	0	0	0	0	0	2	4946	18813	11644	1980	18570	13624	0.7337	0	0	NPB13_021_TU	0.0863	21	TX	SA	SA	SATX	n	0	0	SATX
NPB13_028_TU	1983	1639	47	0	16	98	107	55	334	116	0	14	84	0	1	59	0	0	15	69	0	0	0	0	47	0	0	0	0	0	0	3	0	0	13	0	6	23	0	0	0	2	0	0	8	3	22	0	0	12	0	0	5	12	0	15	0	0	0	0	0	8	0	11	0	0	2	3	0	9	3	5	0	11	2	14	0	8	7	0	0	16	6	0	4	0	8	59	11	0	2	0	0	8	3	0	1	10	0	0	3	0	1	0	0	0	0	0	0	13	0	2	8	0	3	4	0	0	0	0	0	0	0	12	6	0	2	0	3	0	4	0	0	1	7	0	6	2	0	0	4	11	0	0	1	4	0	0	8	0	7	4	0	0	0	5135	18406	5530	7376	18041	12906	0.7154	0	0	NPB13_028_TU	0.0771	28	TX	MOCK	M	MTX	n	0	0	MC
NPB13_011_TD	53	552	2851	0	376	0	0	375	0	0	0	104	0	1	103	0	0	0	97	0	0	0	0	44	0	0	0	0	5	11	0	0	0	0	0	0	1	4	0	0	0	50	0	0	0	408	0	0	0	0	0	0	0	5	0	0	0	0	4	0	8	0	0	1	0	39	6	0	0	2	10	5	0	1	0	1	0	2	0	0	0	0	1	0	0	0	1	0	5	0	5	0	0	1	2	1	0	0	0	2	2	25	0	0	0	0	0	0	0	0	14	0	0	0	1	0	0	0	0	28	2	0	13	0	0	18	0	15	0	0	4	0	16	14	0	16	0	0	9	0	0	0	0	13	17	1	0	1	0	19	1	0	13	7	4	5390	10884	3917	55	9362	3972	0.4243	0	0	NPB13_011_TD	0.0783	11	TX	SA	SA	SATX	y	1	1	SATX
NPB13_021_CD	5	3117	833	0	1	275	22	178	1	0	0	253	124	0	2	0	0	0	0	13	0	0	0	49	1	0	0	0	0	4	0	0	0	0	0	0	0	40	0	0	0	62	0	0	0	86	0	29	0	0	0	0	37	33	0	0	0	0	0	0	0	0	0	0	0	15	0	0	0	17	12	10	6	18	0	0	0	10	0	0	1	16	11	0	0	0	18	0	12	0	27	0	0	0	10	0	8	0	0	0	21	19	0	0	0	0	0	0	0	0	5	0	0	0	4	0	0	0	0	5	7	0	4	17	0	6	0	6	0	0	7	0	5	4	0	3	0	0	3	0	0	0	0	3	1	5	0	6	0	0	0	0	3	3	0	5493	10465	4276	281	10050	4557	0.4534	0	0	NPB13_021_CD	0.0323	21	C	MOCK	SA	SAC	y	1	1	MC
NPB13_033_CD	3316	641	25	2	0	1	7	16	0	0	0	5	1	0	22	128	0	0	0	0	0	0	0	1	71	0	0	0	0	0	0	0	0	0	6	0	0	5	0	0	0	3	0	6	52	26	12	0	0	0	0	0	0	9	0	23	10	0	0	0	0	11	0	15	64	1	26	27	0	2	3	2	0	2	0	18	0	0	17	0	0	8	7	0	26	0	3	0	1	0	0	7	0	7	0	14	0	224	0	0	1	0	4	0	0	0	0	0	605	15	2	0	8	0	0	12	0	4	0	0	3	0	0	6	0	0	1	0	11	0	1	0	0	0	2	3	0	0	0	0	4	0	0	0	2	0	0	0	8	0	4	5	0	0	0	5574	9210	1524	1298	8396	2822	0.3361	0	0	NPB13_033_CD	0.0899	33	C	MOCK	SA	SAC	y	1	1	MC
NPB13_031_TD	107	3620	3	0	864	11	0	381	0	0	0	121	71	0	0	3	0	0	0	1	0	0	0	0	1	0	0	0	0	1	0	0	0	0	0	0	0	45	0	0	0	24	0	0	2	11	1	1	0	2	0	0	0	30	0	0	0	0	0	0	0	1	0	0	0	0	2	0	0	18	20	16	0	20	0	0	0	13	0	4	0	11	16	0	0	0	13	2	17	0	22	0	0	0	1	0	0	0	0	43	11	0	0	0	0	0	0	0	0	0	16	0	0	0	13	0	0	0	0	0	11	0	0	37	0	0	1	0	0	0	9	0	0	0	0	0	0	0	0	0	0	0	0	0	1	17	0	6	0	0	0	0	0	1	1	5643	12974	6779	295	12717	7074	0.5563	0	0	NPB13_031_TD	0.0834	31	TX	MOCK	M	MTX	y	1	1	MC
NPB13_008_TD	254	2687	1731	0	55	157	0	72	65	21	5	2	7	6	0	13	0	0	0	110	0	0	0	0	4	0	0	0	0	0	0	0	0	0	0	0	0	37	0	2	0	3	0	0	0	97	0	2	0	0	0	0	6	17	0	6	4	0	0	0	0	0	0	1	0	37	4	4	4	22	15	8	1	22	1	0	0	11	0	0	3	17	20	0	1	0	11	0	15	0	0	0	0	3	1	4	2	0	0	0	9	11	0	0	0	0	0	0	0	1	4	1	0	0	4	0	0	0	0	7	15	0	15	28	0	9	3	10	1	0	5	0	16	10	1	9	0	0	8	0	3	0	0	4	8	2	0	6	0	0	1	0	8	9	1	5779	12766	3946	2155	11880	6101	0.5136	0	0	NPB13_008_TD	0.049	8	TX	SA	SA	SATX	y	1	1	SATX
NPB13_031_CD	2	591	3985	0	619	48	0	34	0	0	0	16	0	0	0	0	0	0	41	0	0	0	0	1	0	0	0	0	0	1	0	0	0	0	0	0	0	3	0	0	0	8	0	0	0	82	1	3	0	0	0	0	4	4	0	0	0	0	0	0	0	0	0	0	0	72	0	0	0	3	1	3	4	3	0	0	0	5	0	10	1	0	1	0	0	0	2	0	0	0	1	0	0	1	0	0	4	0	0	23	1	30	0	0	0	0	0	0	0	0	11	0	0	0	1	0	0	0	0	20	2	0	26	0	0	27	6	21	0	0	1	0	21	21	0	17	0	0	25	0	0	0	0	17	24	12	0	3	0	4	0	0	16	20	0	5903	12464	5780	397	12080	6177	0.5113	0	0	NPB13_031_CD	0.0858	31	C	MOCK	M	MC	y	1	1	MC
NPB13_009_CD	302	2146	2175	0	6	13	0	155	4	2	0	256	1	0	3	10	0	0	1	0	0	0	0	2	5	0	0	0	0	2	0	0	0	0	17	0	0	28	0	0	0	44	0	0	0	333	0	0	0	0	0	0	1	15	0	2	0	1	0	0	0	0	0	1	0	30	15	3	14	21	7	15	0	13	0	0	0	15	2	0	0	8	8	5	2	0	16	0	12	0	27	0	0	1	0	0	0	0	0	2	9	19	0	0	0	0	0	0	0	2	17	0	1	0	4	2	0	0	0	16	4	0	10	1	0	18	13	10	0	0	10	0	18	13	0	11	0	0	11	0	3	0	0	14	10	4	2	4	3	0	2	1	6	3	1	5983	10415	3103	190	9276	3293	0.3550	0	0	NPB13_009_CD	0.0858	9	C	MOCK	M	MC	y	1	1	MC
NPB13_028_CU	335	4855	83	0	5	25	0	174	18	13	0	50	13	7	4	19	0	0	12	2	0	0	2	3	5	0	0	0	0	0	0	7	0	0	5	0	0	51	0	3	1	14	0	0	8	1	12	1	0	0	0	0	0	47	0	2	3	0	0	0	0	0	0	1	0	1	3	2	0	26	13	18	0	25	1	0	0	27	2	0	0	31	33	0	4	0	23	17	26	0	6	0	0	1	4	0	0	3	0	0	21	0	4	0	0	0	0	0	0	1	0	0	3	0	7	0	0	0	0	1	17	1	0	35	0	0	2	2	1	0	5	0	0	2	4	0	0	0	0	0	0	0	0	1	0	6	5	11	0	0	0	1	1	0	2	6180	19252	5889	6761	18830	12650	0.6718	0	0	NPB13_028_CU	0.0848	28	C	MOCK	M	MC	n	0	0	MC
NPB13_029_CU	20	5670	13	1	3	0	1	30	4	0	0	0	1	0	0	0	0	0	0	0	0	0	0	0	0	0	0	0	0	0	0	0	0	0	0	0	0	51	0	0	0	0	0	0	0	0	0	0	0	0	0	0	0	48	0	0	0	2	0	0	0	0	0	0	0	0	0	0	0	31	14	8	1	27	2	0	0	35	0	1	0	36	33	0	0	0	20	0	24	0	3	0	0	0	0	0	0	0	0	0	23	0	0	0	0	0	0	0	0	0	0	0	0	0	10	0	0	0	0	0	21	1	0	4	0	0	4	0	0	0	10	0	0	0	1	0	0	0	0	0	0	0	0	0	0	5	0	17	0	0	0	0	0	0	25	6200	12538	3212	2863	12275	6075	0.4949	0	0	NPB13_029_CU	0.0919	29	C	MOCK	JA	JAC	n	0	0	MC
NPB13_029_TD	61	1011	3204	1	6	85	0	80	1	0	0	62	2	9	1263	0	0	0	0	0	0	0	0	0	0	0	0	0	0	0	0	0	0	1	0	0	4	7	0	0	0	11	0	0	4	9	0	12	0	0	0	0	15	8	0	0	0	0	0	0	0	1	0	0	0	58	1	0	0	6	1	6	2	7	0	0	0	6	1	7	0	5	2	0	0	0	3	1	2	0	13	0	0	0	1	0	0	0	0	0	3	21	0	0	0	0	0	0	0	0	1	0	0	0	1	0	0	0	0	17	8	0	19	1	0	18	1	13	0	0	1	0	16	18	0	20	0	0	19	0	1	0	0	9	7	2	3	3	0	0	0	0	11	10	6	6208	13608	7063	52	13323	7115	0.5340	0	0	NPB13_029_TD	0.0418	29	TX	JA	JA	JATX	y	1	1	JATX
NPB13_006_TD	863	4352	110	0	2	78	26	13	192	0	34	3	43	0	0	36	0	0	0	6	0	0	0	0	17	0	0	0	0	0	0	0	0	0	2	0	4	48	0	1	8	1	0	0	1	0	0	2	0	0	0	0	9	33	0	14	1	0	0	0	0	1	0	4	0	3	11	3	1	26	8	35	0	20	10	13	0	22	6	2	0	14	29	3	8	0	23	1	21	0	3	0	0	5	12	0	0	0	0	0	19	0	7	0	0	0	0	4	0	0	0	0	1	1	9	2	0	0	0	2	13	0	3	5	0	0	1	1	1	0	8	0	1	1	8	1	2	0	0	0	0	4	0	0	1	6	0	6	2	0	1	2	0	0	14	6309	8092	1173	286	7768	1459	0.1878	0	0	NPB13_006_TD	0.121	6	TX	JA	JA	JATX	y	1	1	JATX
NPB13_050_CD	6	243	5529	0	13	0	0	1	0	0	0	21	0	16	4	2	0	0	0	0	0	0	0	1	0	0	0	0	0	0	0	0	0	0	0	0	0	2	0	0	0	3	0	0	0	0	0	0	0	0	0	0	0	1	0	0	0	0	0	0	0	0	0	0	0	79	1	0	0	1	0	1	0	3	0	0	0	0	0	1	1	1	0	0	0	0	1	0	0	0	0	0	0	0	0	0	0	0	0	1	5	47	0	0	0	0	0	0	0	0	0	0	0	0	0	0	0	0	0	32	3	0	38	0	0	36	0	28	0	0	1	0	31	28	0	21	0	0	31	0	0	0	0	34	33	0	0	0	0	0	0	0	26	23	1	6350	14293	7556	141	14047	7697	0.5479	0	0	NPB13_050_CD	0.065	50	C	MOCK	M	MC	y	1	1	MC
NPB13_028_CD	685	2982	3	0	667	64	15	703	201	2	15	13	96	1	1	21	0	0	28	80	0	0	0	32	17	0	0	0	0	26	0	2	0	0	1	0	0	36	0	0	0	79	0	1	5	5	16	9	0	0	111	0	2	30	0	5	0	0	5	0	4	0	0	1	0	1	22	2	0	16	14	10	0	15	9	3	0	10	4	11	0	16	20	10	2	0	14	46	18	0	4	1	0	0	18	2	0	0	0	32	15	0	0	0	0	0	2	3	2	2	16	1	5	0	10	1	0	1	0	0	9	0	0	0	0	0	0	2	2	0	11	0	0	0	5	0	1	0	0	0	0	5	0	0	0	14	1	7	4	2	1	1	0	0	0	6387	15386	7926	544	14857	8470	0.5701	0	0	NPB13_028_CD	0.0964	28	C	MOCK	M	MC	y	1	1	MC
NPB13_056_TD	811	180	1196	1	657	27	0	4	7	0	0	11	0	178	2253	25	0	2	667	0	0	0	0	4	18	0	0	0	0	60	0	0	0	0	0	0	8	2	0	0	0	6	0	0	12	13	0	0	0	0	0	0	0	1	0	4	4	0	0	0	0	2	0	4	26	17	4	1	0	3	0	1	0	2	0	3	0	0	3	1	4	0	0	2	1	0	2	0	0	0	0	0	2	3	0	4	0	0	0	1	1	19	1	1	0	0	0	1	0	2	3	0	4	0	2	3	2	0	0	10	0	0	6	0	0	11	1	14	4	0	2	0	3	10	1	6	0	0	14	0	2	19	0	9	8	0	34	1	1	11	0	0	6	10	0	6459	14113	3695	3083	13237	6778	0.5120	0	0	NPB13_056_TD	0.058	56	TX	SA	SA	SATX	y	1	1	SATX
NPB13_030_TU	28	5865	12	0	3	2	0	32	5	0	0	0	0	0	0	1	0	0	3	1	0	0	0	3	0	0	0	0	0	0	0	0	0	0	0	0	0	80	0	0	0	0	0	0	5	0	1	0	0	0	0	0	2	39	0	0	1	0	0	0	0	0	0	0	0	1	0	0	0	33	18	21	0	37	0	0	1	38	1	0	6	28	21	0	0	0	20	0	18	0	5	0	0	0	1	1	0	0	0	0	21	0	0	0	0	0	1	0	0	0	0	0	0	0	16	0	0	0	0	0	18	0	0	55	0	0	6	0	0	0	9	0	0	0	0	0	0	0	0	0	0	0	0	0	0	9	1	12	0	0	0	0	0	0	2	6483	12985	2361	3799	12643	6160	0.4872	0	0	NPB13_030_TU	0.0713	30	TX	SA	SA	SATX	n	0	0	SATX
NPB13_028_TD	344	2637	16	0	127	396	30	171	809	3	0	126	270	1	5	13	4	1	107	157	0	0	0	83	8	0	0	0	0	57	0	0	0	0	2	0	2	35	0	4	0	67	0	0	56	16	144	59	0	1	18	0	58	18	0	1	4	0	7	0	39	0	0	1	11	0	19	3	0	17	18	10	11	12	43	3	19	19	2	7	0	9	14	28	1	0	5	86	11	0	13	1	0	2	68	9	13	16	0	11	16	1	0	0	0	2	1	13	1	7	0	0	1	0	5	2	1	10	8	0	9	0	0	0	0	0	18	0	1	0	5	0	0	0	6	0	17	0	0	0	0	8	0	0	0	2	2	5	2	8	0	1	0	0	0	6530	11441	3818	72	10420	3890	0.3733	0	0	NPB13_028_TD	0.0804	28	TX	MOCK	M	MTX	y	1	1	MC
NPB13_019_CU	92	5636	14	0	24	3	0	130	0	0	0	2	54	3	8	6	0	0	3	0	0	0	0	8	0	0	0	0	0	7	0	0	0	0	9	0	0	75	0	0	0	0	0	0	3	2	1	0	0	0	0	0	0	35	0	0	0	0	1	0	1	0	0	1	0	0	0	1	0	26	19	28	0	28	0	0	0	23	1	8	22	29	30	0	0	0	26	4	26	0	5	0	4	0	0	0	0	0	0	0	20	0	0	0	0	0	0	0	0	0	0	0	0	0	15	0	0	0	0	0	13	0	0	65	0	0	4	0	1	0	15	5	0	0	1	0	0	0	0	0	0	0	0	0	0	2	0	4	0	0	0	1	0	0	3	6547	11732	1599	3280	11426	4879	0.4270	0	0	NPB13_019_CU	0.0898	19	C	MOCK	JA	JAC	n	0	0	MC
NPB13_044_TD	524	3363	898	0	243	229	145	93	57	1	0	86	227	90	3	27	0	0	217	32	0	0	0	0	8	0	0	0	0	0	0	0	0	8	3	0	2	43	0	0	0	21	0	3	39	51	1	25	0	0	0	0	24	27	0	1	0	0	0	0	0	2	0	3	1	12	20	2	0	21	7	11	8	13	7	1	4	17	3	4	0	26	14	4	4	0	9	0	25	0	5	0	3	1	24	0	2	0	0	16	12	6	3	0	0	0	0	1	0	0	6	0	2	0	8	0	0	0	0	6	13	0	3	0	0	3	20	5	0	0	5	0	1	3	4	3	0	1	4	1	1	3	0	5	1	12	0	9	2	8	1	1	4	3	2	6922	11539	3851	212	10985	4063	0.3699	0	0	NPB13_044_TD	0.087	44	TX	JA	JA	JATX	y	1	1	JATX
NPB13_060_CD	1	225	6071	0	0	0	0	89	0	0	0	0	0	3	0	0	0	0	0	0	0	0	0	0	0	0	0	0	0	0	0	0	0	0	0	0	0	2	0	0	0	12	0	0	0	60	0	0	0	0	0	0	0	3	0	0	0	0	0	0	0	0	0	0	0	107	0	0	0	3	4	0	0	1	0	0	0	0	0	0	0	1	1	0	0	0	0	0	0	0	0	0	0	0	0	0	0	0	0	0	0	69	0	0	0	0	0	0	0	0	2	0	0	0	0	0	0	0	0	41	0	0	49	0	0	48	4	44	0	0	1	0	37	36	0	34	0	0	33	0	0	0	0	34	24	0	0	1	0	0	0	0	19	24	1	7084	20443	11885	255	19224	12140	0.6315	0	0	NPB13_060_CD	0.66	60	C	MOCK	SA	SAC	y	1	1	MC
NPB13_032_CD	872	4590	94	0	18	148	3	493	204	0	8	8	162	0	0	40	0	0	5	249	0	0	3	1	17	0	0	0	0	0	0	0	0	0	0	0	0	64	0	0	0	6	0	0	4	2	0	7	0	1	0	0	11	48	0	4	0	0	0	0	2	3	0	5	0	2	16	3	0	30	16	13	1	11	6	2	0	21	7	0	0	23	28	0	4	0	14	2	16	0	1	3	0	3	20	0	2	0	0	0	20	1	4	0	0	0	0	0	0	4	0	0	4	0	11	3	0	0	0	0	6	0	1	2	0	4	4	0	0	0	20	0	1	1	6	1	0	0	0	0	1	0	0	2	0	5	0	14	2	1	0	3	0	0	19	7456	14255	3205	3207	13868	6412	0.4624	0	0	NPB13_032_CD	0.0961	32	C	MOCK	SA	SAC	y	1	1	MC
NPB13_016_CD	82	6202	617	0	90	10	0	79	4	0	0	13	149	5	7	6	0	0	4	0	0	0	0	1	3	0	0	0	0	0	0	0	0	0	3	0	0	66	0	2	0	7	0	0	0	0	0	0	0	1	0	0	2	43	0	1	0	0	0	0	0	0	0	1	0	14	5	0	0	21	13	12	0	27	1	1	0	27	2	0	0	30	24	1	0	0	33	0	20	0	5	0	0	2	9	0	0	0	0	5	23	7	0	0	0	0	0	0	0	0	3	0	0	0	18	0	0	0	0	4	14	0	3	3	0	3	43	5	0	0	13	0	7	3	1	5	1	0	3	0	0	0	0	3	4	7	0	12	1	1	0	0	1	1	3	7842	10428	2102	198	10142	2300	0.2268	0	0	NPB13_016_CD	NA	16	C	MOCK	M	MC	y	1	1	MC
NPB13_010_CD	17	1366	1190	0	3322	1	0	269	0	0	0	1	0	7	31	0	0	0	29	0	0	0	0	772	0	0	0	0	0	1	0	0	0	0	0	0	0	13	0	0	0	148	0	0	0	262	0	0	0	0	0	0	0	14	0	0	0	0	0	0	0	0	0	1	0	22	0	0	0	6	9	6	0	8	0	0	0	12	0	9	0	10	10	0	0	0	5	0	4	0	2	0	0	0	0	0	0	0	0	82	5	15	0	0	0	0	0	0	0	0	52	0	0	0	6	0	0	0	0	12	5	0	7	1	0	11	0	2	0	0	16	0	5	7	0	6	0	0	8	0	0	0	0	7	8	28	1	3	0	6	0	0	4	3	8	7855	10106	1689	16	9560	1705	0.1783	0	0	NPB13_010_CD	0.0787	10	C	MOCK	M	MC	y	1	1	MC
NPB13_035_TD	4	6183	32	0	250	48	0	325	0	0	0	355	22	0	3	0	0	0	27	0	0	0	0	2	0	0	0	0	0	0	0	0	0	0	0	0	0	70	0	0	0	162	0	0	0	41	0	29	0	0	0	0	33	36	0	0	0	0	0	0	0	0	0	0	0	1	3	0	0	39	15	22	1	29	0	3	0	34	0	2	0	19	19	0	0	0	24	0	16	0	145	0	0	0	0	0	2	0	0	44	18	0	0	0	0	0	0	0	0	0	22	0	0	0	8	0	0	0	0	1	7	0	0	1	0	0	45	1	0	0	12	0	0	0	0	0	0	0	0	0	0	0	0	0	0	23	0	15	0	2	0	0	0	0	1	8196	9096	561	18	8775	579	0.0660	0	0	NPB13_035_TD	0.0859	35	TX	MOCK	M	MTX	y	1	1	MC
NPB13_001_CD	320	1063	662	1	186	5	6	190	4	0	0	3559	0	11	5	11	0	1	0	0	0	0	0	0	11	0	0	0	11	1107	0	0	0	256	2	0	0	9	0	0	0	339	0	0	1	23	0	1	0	1	0	0	0	15	0	2	0	0	63	0	0	0	0	1	0	11	22	0	0	11	4	7	1	7	0	2	0	5	1	0	0	7	8	0	3	0	7	0	1	0	244	0	0	0	1	0	3	0	0	1	3	1	0	0	0	0	0	0	0	0	8	0	0	0	0	0	7	0	0	8	5	0	2	0	0	2	0	0	2	0	4	0	3	2	4	5	0	0	3	0	0	0	0	1	1	4	0	3	1	0	0	0	5	2	4	8292	9858	1045	22	9359	1067	0.1140	0	0	NPB13_001_CD	0.118	1	C	MOCK	JA	JAC	y	1	1	MC
NPB13_027_CD	0	4877	29	0	742	97	0	1176	0	0	0	105	2	0	1	0	0	0	33	0	0	0	0	300	0	0	0	0	0	0	0	0	0	0	0	0	0	56	0	0	0	413	0	0	0	85	0	69	0	0	0	0	46	30	0	0	0	0	0	0	0	0	0	0	0	0	0	0	0	40	11	18	15	19	0	0	0	24	0	5	0	16	17	0	0	0	24	0	19	0	54	0	0	0	0	0	6	0	0	87	8	2	0	0	0	0	0	0	0	0	53	0	0	0	9	0	0	0	0	0	4	0	0	6	0	0	4	0	0	0	10	0	0	1	0	1	0	0	0	0	0	0	0	0	0	27	0	9	0	2	0	0	0	0	24	8576	9070	61	4	8641	65	0.0075	0	0	NPB13_027_CD	0.0821	27	C	MOCK	JA	JAC	y	1	1	MC
NPB13_039_TD	519	3935	2545	0	48	47	0	273	28	9	102	2	47	0	19	17	0	0	7	0	0	0	0	0	16	0	0	0	0	12	0	2	0	0	16	0	2	50	0	2	0	20	0	0	13	307	0	13	0	0	0	0	5	11	0	4	0	0	0	0	0	3	0	1	0	58	10	1	0	10	13	9	3	28	0	5	0	17	2	0	0	16	9	2	1	0	18	9	16	0	2	0	0	1	10	4	1	0	0	1	15	16	3	0	0	0	0	1	1	0	18	0	0	0	7	1	0	1	3	17	7	0	12	30	0	17	1	10	5	0	10	0	11	13	7	10	0	0	18	0	0	0	0	10	14	1	0	5	1	0	1	0	10	18	0	8615	19032	9148	23	17786	9171	0.5156	0	0	NPB13_039_TD	0.0763	39	TX	MOCK	M	MTX	y	1	1	MC
NPB13_042_TD	66	3	1314	0	6386	0	0	6	46	0	0	0	0	32	250	3	0	0	0	0	0	0	0	1	0	0	1	0	0	0	0	0	0	0	0	0	5	0	0	0	0	16	0	0	0	303	0	0	0	0	0	0	0	0	0	0	0	0	0	0	0	2	0	0	0	29	3	2	0	0	12	0	0	0	11	0	0	0	1	15	0	0	0	0	0	0	0	0	1	0	0	0	0	0	0	0	0	0	0	3	0	11	1	0	0	0	0	0	0	0	15	0	0	0	5	0	0	0	0	15	0	0	9	0	0	3	0	15	0	0	6	0	8	10	0	3	0	0	2	0	0	0	0	3	9	0	3	0	0	0	0	0	5	5	0	8639	11071	1945	42	10626	1987	0.1870	0	0	NPB13_042_TD_1	0.0389	42	TX	SA	SA	SATX	y	1	1	SATX
NPB13_030_TD	5	7917	261	0	0	6	0	34	1	0	0	0	0	3	0	0	0	0	0	2	0	0	0	0	1	0	0	0	0	2	0	0	0	0	0	0	0	96	0	0	0	0	0	0	0	0	0	1	0	0	0	0	0	43	0	0	0	0	0	0	0	0	0	0	0	8	0	0	0	36	25	28	0	41	0	0	0	32	0	0	0	23	35	0	0	0	37	0	25	0	9	0	0	0	0	0	0	0	0	0	14	1	0	0	0	0	0	0	0	0	0	0	0	0	11	0	0	0	0	5	16	0	0	4	0	0	2	1	0	0	11	0	4	1	1	0	0	0	1	0	0	0	0	0	1	4	0	18	0	0	0	0	1	1	0	8768	9625	473	140	9381	613	0.0653	0	0	NPB13_030_TD	0.0728	30	TX	SA	SA	SATX	y	1	1	SATX
NPB13_044_CD	102	5191	887	0	1170	2	0	122	0	0	0	14	5	10	585	10	0	0	0	0	0	0	0	144	4	0	0	0	0	0	0	0	0	1	0	0	3	45	0	0	0	5	0	0	0	28	0	0	0	0	0	0	0	47	0	0	0	0	1	0	2	0	0	1	0	14	12	0	0	21	10	30	0	23	0	0	41	19	0	2	1	21	22	0	1	0	16	0	17	0	6	0	0	1	4	0	0	0	0	71	15	8	1	0	0	0	0	0	0	1	12	0	0	0	9	1	0	0	0	6	19	0	10	4	0	6	2	4	0	0	12	0	3	8	2	13	0	0	1	0	1	0	0	7	6	25	0	10	0	0	0	0	2	6	17	8922	10594	1336	32	10290	1368	0.1329	0	0	NPB13_044_CD	0.0972	44	C	MOCK	JA	JAC	y	1	1	MC
NPB13_051_CD	2	2725	1402	0	1902	99	0	1293	1	1	0	250	37	0	0	0	0	0	210	0	0	0	0	154	0	0	0	0	0	0	0	0	0	0	0	0	0	32	0	0	0	127	0	0	0	300	5	27	0	0	0	0	15	16	0	0	0	0	0	0	0	0	0	0	0	27	0	0	0	11	11	9	35	7	0	0	0	23	0	54	0	10	12	1	0	0	14	1	10	0	54	0	0	0	0	0	11	0	0	90	16	14	0	0	0	0	0	0	0	0	57	0	0	0	17	0	0	0	0	19	3	0	6	1	0	6	19	3	0	0	9	0	9	12	0	2	0	0	3	0	0	0	0	4	7	27	0	6	0	23	0	0	4	3	0	9248	11988	1950	58	11256	2008	0.1784	0	0	NPB13_051_CD	0.096	51	C	MOCK	SA	SAC	y	1	1	MC
NPB13_056_CD	306	750	3518	0	39	12	0	47	0	0	0	3582	0	2	404	17	0	0	0	0	0	0	0	0	3	0	0	0	0	7	0	0	0	0	0	0	0	9	0	0	0	91	0	0	0	15	0	0	0	0	0	0	0	11	0	4	0	0	0	0	0	0	0	2	0	56	9	1	0	4	3	9	3	2	0	3	0	5	1	0	1	3	1	0	0	0	2	0	1	0	59	0	0	3	0	0	0	0	0	0	5	19	0	0	0	0	0	0	0	1	3	0	2	0	1	0	0	0	0	25	1	0	17	0	0	28	0	28	0	0	5	0	24	24	1	28	0	0	21	0	0	0	0	20	26	0	2	0	0	0	0	0	23	15	2	9306	15374	5144	443	14893	5587	0.3751	0	0	NPB13_056_CD	0.073	56	C	MOCK	SA	SAC	y	1	1	MC
NPB13_019_TU	5106	2147	33	0	9	49	142	32	155	69	0	3	141	0	5	214	0	0	1	21	0	0	0	20	116	0	0	0	0	0	0	16	0	3	196	0	0	15	0	11	1	1	0	2	27	1	6	2	0	0	0	0	4	14	7	38	58	0	0	0	0	18	2	32	4	2	29	18	2	12	8	4	0	14	6	37	0	7	20	4	0	7	14	45	19	4	5	28	10	0	1	0	0	15	13	12	0	1	0	0	13	0	9	0	0	0	0	0	0	23	0	3	12	0	3	15	0	3	8	0	7	0	0	29	3	0	1	0	21	0	4	0	1	1	18	0	6	1	0	3	15	58	0	5	0	2	3	2	5	0	10	8	0	0	0	9350	17060	4647	2338	16335	6985	0.4276	0	0	NPB13_019_TU	0.0824	19	TX	JA	JA	JATX	n	0	0	JATX
NPB13_039_CD	198	3536	3933	0	574	1	0	70	2	4	0	36	29	74	110	2	0	0	0	0	0	0	0	0	7	0	0	0	0	1	0	0	0	0	0	0	0	41	0	0	0	10	0	0	12	16	8	0	0	0	0	0	0	32	0	3	0	0	0	0	0	2	0	0	188	74	4	0	0	18	5	17	0	17	0	0	0	19	0	0	0	16	18	1	0	0	14	20	12	0	5	0	0	2	3	0	0	0	0	30	18	33	0	0	0	0	0	0	1	0	8	0	0	0	11	1	0	0	0	28	11	0	29	34	0	29	1	26	0	0	5	0	23	25	1	21	0	0	19	0	0	0	0	18	20	9	0	7	1	0	0	1	19	17	1	9581	16862	6212	629	16422	6841	0.4166	0	0	NPB13_039_CD	0.0713	39	C	MOCK	M	MC	y	1	1	MC
NPB13_037_TD	907	7173	552	0	2	47	3	31	41	4	0	2	42	1	1	40	0	0	0	9	0	0	0	0	22	0	0	0	0	1	0	0	0	0	16	0	0	63	0	1	0	1	0	0	89	0	0	28	0	0	0	0	26	63	0	3	1	0	1	0	0	2	1	7	6	8	41	4	0	64	21	20	0	47	2	0	0	31	5	0	2	31	26	0	2	0	32	21	26	0	3	0	1	5	30	1	0	0	0	2	21	1	1	0	0	0	0	0	0	5	0	0	5	0	11	2	0	0	2	6	17	0	3	11	0	4	4	2	0	0	17	0	2	1	15	2	1	0	3	0	2	0	0	4	2	7	0	3	1	0	0	1	2	1	31	9801	12800	2435	73	12309	2508	0.2038	0	0	NPB13_037_TD	0.0972	37	TX	SA	SA	SATX	y	1	1	SATX
NPB13_015_CD	222	8276	124	0	13	31	0	119	14	0	1	0	2	0	15	8	0	0	285	7	5	0	0	19	5	0	0	0	0	1	0	0	0	0	4	0	0	105	0	0	0	5	0	0	0	7	13	13	0	0	28	0	18	40	0	4	0	0	1	0	24	0	0	0	0	2	16	0	0	44	9	16	1	28	0	0	0	28	1	5	0	35	29	2	1	0	27	3	27	0	6	0	0	1	6	1	1	0	0	0	18	2	2	0	0	0	0	0	0	0	14	0	0	0	17	0	1	0	0	2	15	0	0	4	0	0	74	1	1	0	10	0	0	0	7	0	1	0	3	0	0	0	0	0	1	8	1	21	0	20	0	1	1	0	4	9927	11163	741	12	10680	753	0.0705	0	0	NPB13_015_CD	0.0871	15	C	MOCK	M	MC	y	1	1	MC
NPB13_010_TD	10	2383	3137	0	977	1	0	244	0	0	0	1427	0	0	0	1	0	0	118	0	0	0	0	66	0	0	1	0	0	0	0	0	0	0	0	0	0	22	0	0	0	546	0	0	0	116	0	0	0	0	0	0	0	18	0	0	0	0	0	0	0	0	0	1	1	41	0	0	0	16	13	6	0	12	0	0	0	14	0	64	0	9	7	0	0	0	15	0	9	0	291	0	0	0	0	0	0	0	0	91	4	35	0	0	0	0	0	0	0	0	47	0	0	0	10	0	0	0	0	27	9	0	13	2	0	13	0	16	0	0	3	0	13	22	0	11	0	0	10	0	0	0	0	9	18	30	0	5	0	21	0	0	14	7	10	10006	14878	4222	26	14254	4248	0.2980	0	0	NPB13_010_TD	0.0902	10	TX	MOCK	M	MTX	y	1	1	MC
NPB13_048_TD	4	3467	1545	0	3144	0	0	384	0	0	0	1	0	38	520	0	0	0	0	0	0	0	0	0	0	0	0	0	0	0	0	0	0	1	0	0	2	39	0	0	0	31	0	0	0	526	6	0	0	1	0	0	0	27	0	0	0	0	0	0	0	0	0	0	0	30	0	0	0	24	8	8	0	22	0	0	0	16	0	5	0	6	15	0	0	0	22	0	21	0	2	0	0	0	0	0	0	0	0	248	3	7	0	0	0	0	0	0	0	0	86	0	0	0	5	0	0	0	0	10	5	0	6	3	0	9	1	2	0	0	2	0	13	7	0	3	0	0	2	0	0	0	0	3	6	66	10	0	0	0	0	0	3	1	0	10416	13231	2054	22	12492	2076	0.1662	0	0	NPB13_048_TD	0.1037	48	TX	SA	SA	SATX	y	1	1	SATX
NPB13_046_TD	2551	6757	0	0	0	64	17	302	439	5	4	3	150	1	0	101	0	0	3	19	0	0	0	3	42	0	0	0	0	0	0	1	0	0	10	0	0	80	0	1	2	4	0	1	13	10	0	12	0	0	34	0	13	40	0	18	0	0	0	0	10	5	0	23	0	0	81	11	0	43	19	23	0	32	47	20	0	27	15	0	0	39	32	6	12	0	27	68	22	0	7	1	0	4	59	4	0	0	0	0	23	0	7	0	0	0	1	11	0	8	0	0	3	0	11	6	0	0	12	0	21	0	0	70	0	0	7	0	7	0	8	0	0	0	33	0	13	0	0	0	2	0	0	0	0	5	0	11	2	0	2	3	0	0	1	11604	17493	5055	49	16708	5104	0.3055	0	0	NPB13_046_TD	0.0946	46	TX	JA	JA	JATX	y	1	1	JATX
NPB13_006_CD	3934	5435	11	0	24	15	14	129	213	38	100	0	269	0	15	153	0	2	4	16	0	0	0	0	69	0	0	0	0	1	0	1	0	0	9	0	4	59	0	20	9	0	0	3	17	0	1	2	0	0	129	0	3	26	0	36	1	0	0	0	0	19	0	21	1	0	44	20	1	39	15	13	0	33	14	26	0	29	16	1	0	29	32	49	15	0	20	53	29	0	1	19	0	16	21	34	0	12	0	0	8	0	14	0	0	0	3	38	0	11	1	3	8	0	21	13	0	0	4	0	18	0	0	1	1	0	44	0	10	0	16	0	0	0	31	0	4	0	0	0	13	12	0	0	0	4	6	9	8	0	7	7	0	0	1	11700	14088	1037	141	12878	1178	0.0915	0	0	NPB13_006_CD	0.097	6	C	MOCK	JA	JAC	y	1	1	MC
NPB13_012_CD	0	9484	1635	0	2	1	0	100	0	0	0	0	0	3	14	0	0	0	0	0	0	0	0	0	0	0	0	0	0	1	1	0	0	0	0	0	0	111	0	0	0	0	0	0	0	0	0	0	0	0	0	0	1	68	0	0	0	0	0	0	0	0	0	0	0	26	0	0	0	51	29	39	0	63	0	0	0	46	0	0	0	36	46	0	0	0	42	0	26	0	7	0	0	0	0	0	0	0	0	0	39	15	0	0	0	0	0	0	0	0	0	0	0	0	15	0	0	0	0	25	35	0	11	7	0	13	7	7	0	0	14	0	10	9	0	9	0	0	7	0	0	0	0	8	9	9	0	20	0	0	0	0	7	6	30	12144	31651	18919	139	31202	19058	0.6108	0	0	NPB13_012_CD	0.0875	12	C	MOCK	JA	JAC	y	1	1	MC
NPB13_043_CD	1486	9755	21	4	0	14	0	36	0	0	0	0	1	0	0	48	0	0	2	0	0	0	0	1	36	0	0	0	0	0	0	1	0	0	0	0	0	106	0	0	0	2	0	0	0	6	0	2	0	3	0	0	7	61	0	12	5	0	0	0	0	1	0	5	0	0	71	4	0	53	35	61	0	39	0	9	0	56	2	0	0	45	37	0	2	0	42	0	32	0	9	0	0	9	0	0	0	0	0	0	51	0	16	0	0	0	0	0	0	3	0	0	1	0	32	3	0	0	0	0	29	0	0	4	0	0	72	0	5	0	17	0	0	0	18	0	0	0	0	0	6	0	0	0	0	10	0	21	3	0	0	0	1	0	1	12414	13314	169	136	12719	305	0.0240	0	0	NPB13_043_CD	0.0554	43	C	MOCK	M	MC	y	1	1	MC
NPB13_029_CD	132	6444	76	0	212	354	3	754	13	2	0	106	147	1	265	16	0	0	26	0	0	0	0	439	2	0	0	0	2197	3	0	0	0	0	2	0	4	73	0	0	0	152	0	0	4	644	1	92	1	0	0	0	90	33	0	2	0	0	7	0	0	1	0	0	12	2	7	1	0	24	24	28	15	32	6	3	3	39	0	4	0	24	26	1	1	0	32	0	27	0	29	0	1	1	18	0	15	0	0	25	23	0	0	0	0	0	0	0	0	0	25	0	0	0	13	0	0	0	0	0	10	0	1	1	0	0	67	0	1	0	11	0	0	1	1	1	0	0	0	0	0	0	0	0	1	14	2	19	0	0	0	0	1	1	2	12893	14778	273	67	13233	340	0.0257	0	0	NPB13_029_CD	0.0792	29	C	MOCK	JA	JAC	y	1	1	MC
NPB13_045_TD	3	11759	104	0	48	20	0	94	0	0	0	5	1	2	0	0	0	0	0	0	0	0	1	0	0	0	0	0	0	0	0	0	0	0	0	0	0	152	0	0	0	4	0	0	0	27	0	14	0	0	0	0	12	89	0	0	0	0	0	0	0	0	0	0	0	1	0	0	0	46	20	44	0	66	0	0	0	61	0	0	0	43	49	0	0	0	56	0	41	0	15	0	0	0	0	0	2	0	0	8	49	0	0	0	0	0	0	0	0	0	3	0	0	0	22	0	0	0	0	2	20	0	1	113	0	0	7	1	0	0	19	0	1	1	0	0	0	0	0	0	0	0	0	1	1	10	0	28	0	0	0	0	0	1	0	13067	14939	1510	8	14585	1518	0.1041	0	0	NPB13_045_TD	0.0967	45	TX	JA	JA	JATX	y	1	1	JATX
NPB13_027_TD	237	4658	4	0	529	543	30	1669	1335	1	7	193	800	0	0	16	0	0	254	239	0	0	0	162	5	0	0	0	3	20	0	0	0	0	19	0	1	40	0	0	0	141	0	2	2	99	874	133	0	0	7	0	143	28	0	1	2	0	1	0	32	0	0	2	2	0	13	0	0	32	7	11	62	9	104	1	2	12	0	52	0	17	24	5	2	0	20	185	11	0	50	0	0	0	190	8	26	0	0	41	12	0	0	0	0	0	1	18	20	1	36	0	0	0	13	2	0	0	8	0	9	0	0	3	0	0	1	0	3	0	5	0	0	0	6	0	23	0	1	0	0	1	0	0	0	15	1	6	0	30	0	0	0	0	3	13336	18132	1267	22	14625	1289	0.0881	0	0	NPB13_027_TD	0.1014	27	TX	JA	JA	JATX	y	1	1	JATX
NPB13_045_CD	240	11288	467	0	0	0	0	34	122	28	0	1	0	39	73	7	0	0	0	1	0	0	0	0	8	0	0	0	0	0	0	0	0	4	36	0	0	127	0	0	0	0	0	0	13	1	0	1	0	0	0	0	0	72	0	3	0	0	0	0	0	0	0	2	4	7	13	1	0	72	30	57	0	62	9	1	0	56	2	0	0	34	40	0	0	0	50	0	48	0	8	0	0	3	13	3	0	0	0	0	35	3	1	0	1	0	0	0	6	0	0	0	0	0	11	0	0	0	0	4	23	0	3	135	0	5	10	0	0	0	17	0	2	1	8	2	4	0	5	0	0	0	0	1	1	9	2	22	1	0	0	0	1	2	1	13396	22173	8215	74	21685	8289	0.3822	0	0	NPB13_045_CD	0.0815	45	C	MOCK	JA	JAC	y	1	1	MC
NPB13_009_TD	93	107	7689	0	4246	14	1	15	1	9	0	46	0	77	99	3	0	0	5	1	0	0	0	0	3	0	0	0	0	0	0	0	0	0	0	0	2	3	0	0	0	43	0	0	0	214	0	2	0	0	0	0	0	0	0	0	0	0	0	0	0	0	0	1	0	123	8	1	0	2	5	0	1	0	0	0	0	0	0	24	0	0	0	0	0	0	0	0	0	0	0	0	1	2	0	0	2	0	0	12	2	71	0	0	0	0	0	0	0	0	11	0	1	0	5	2	0	0	0	48	0	0	48	0	0	41	1	38	0	0	4	0	43	42	0	39	0	0	39	0	0	0	0	32	44	2	3	0	0	2	0	0	38	27	0	13438	25590	10910	468	24816	11378	0.4585	0	0	NPB13_009_TD	0.0938	9	TX	MOCK	M	MTX	y	1	1	MC
NPB13_012_TU	118	9868	211	0	30	11	1	49	2	1125	0	21	0	9	264	3	0	0	51	0	0	0	0	81	2	0	0	0	18	37	0	0	0	0	12	0	37	90	0	0	0	6	0	0	2	12	33	0	0	1	0	0	1	82	0	3	0	0	86	0	3	1	0	1	312	5	2	0	0	57	25	95	1	49	0	0	0	54	0	3	2	49	50	64	0	0	44	0	47	0	8	0	3	0	2	50	0	10	0	1	39	4	0	0	0	0	0	0	0	0	1	45	0	0	24	1	0	0	1	0	27	0	1	8	36	2	6	2	0	0	16	0	2	2	13	0	0	0	1	0	0	0	0	1	5	9	46	32	0	2	0	0	1	2	37	13570	21014	1899	4517	19986	6416	0.3210	0	0	NPB13_012_TU	0.0771	12	TX	JA	JA	JATX	n	0	0	JATX
NPB13_038_CU	6911	259	237	0	29	73	85	60	1123	202	0	83	86	15	124	276	1	2	7	257	11	0	0	6	124	0	0	0	2	21	0	0	0	0	2265	0	36	1	0	2	5	1	0	1	417	2	79	0	0	0	0	0	0	0	0	55	8	0	41	0	0	21	0	47	55	5	13	16	0	0	1	1	0	1	13	32	0	1	33	7	1	1	0	85	33	0	0	2	2	0	0	0	0	95	6	23	1	15	0	0	2	0	24	0	0	0	2	2	3	24	0	11	28	0	2	9	0	0	25	1	1	0	2	1	8	0	0	1	13	0	0	0	2	2	8	1	19	4	3	0	14	37	0	0	0	1	9	0	9	0	4	4	2	3	0	13698	17128	789	1030	15517	1819	0.1172	0	0	NPB13_038_CU	0.0609	38	C	MOCK	JA	JAC	n	0	0	MC
NPB13_013_TU	10	3588	1940	0	1176	0	0	118	0	0	0	59	0	27	6	0	0	0	483	1	0	0	0	6157	0	0	0	0	0	0	0	0	0	0	0	0	0	51	0	0	0	64	0	0	0	28	0	0	0	0	0	0	0	23	0	0	0	0	6	0	0	0	0	0	0	35	0	0	0	22	19	10	0	13	0	0	0	14	0	2	0	16	14	0	0	0	14	1	15	0	6	0	0	0	0	2	0	0	0	5	13	18	0	1	0	0	0	0	0	0	11	0	0	0	10	0	0	0	0	13	12	0	19	29	0	12	6	16	0	0	12	0	7	10	0	11	0	0	12	0	0	0	0	15	15	2	0	8	0	4	0	0	13	9	2	14205	24384	5100	4010	23315	9110	0.3907	0	0	NPB13_013_TU	0.0966	13	TX	SA	SA	SATX	n	0	0	SATX
NPB13_021_TD	49	12966	0	1	1	116	0	110	8	8	0	5	45	0	0	4	0	0	0	4	0	0	0	1	0	0	0	0	0	0	0	0	0	0	0	0	0	158	0	0	0	1	0	0	0	0	3	13	0	1	0	0	12	107	0	0	0	0	0	0	0	1	0	0	0	0	2	1	0	93	35	48	0	64	1	1	0	52	0	0	3	65	60	0	0	0	72	17	52	0	6	0	0	0	2	0	0	0	0	0	54	0	0	0	0	0	0	0	0	1	0	0	0	0	31	1	0	0	0	0	37	0	0	12	0	0	9	0	0	0	30	2	0	0	2	0	0	0	0	0	0	0	0	0	0	13	0	28	0	0	0	0	0	0	67	14475	16770	1119	670	16264	1789	0.1100	0	0	NPB13_021_TD	0.0872	21	TX	SA	SA	SATX	y	1	1	SATX
NPB13_038_CD	391	2023	380	0	452	2328	1	748	578	13	3	1155	227	14	107	19	0	3	454	205	30	0	0	236	7	0	0	1	14	574	0	0	0	0	10	0	0	13	0	0	0	341	0	0	24	119	635	278	0	1	5	0	187	14	0	4	0	0	640	0	1142	2	0	2	17	6	27	0	0	11	8	9	237	6	61	0	0	9	0	663	0	14	7	12	0	0	8	5	13	0	179	0	0	8	34	3	158	26	0	39	4	5	1	0	0	0	0	6	0	0	24	1	0	0	11	1	64	4	2	1	4	0	2	1	0	0	16	2	0	0	4	0	2	2	2	0	6	0	2	0	0	0	0	3	2	18	0	0	1	45	2	1	3	1	0	15183	24415	5713	48	20944	5761	0.2751	0	0	NPB13_038_CD	0.0935	38	C	MOCK	JA	JAC	y	1	1	MC
NPB13_057_CD	0	6203	8340	0	0	0	0	13	0	0	0	1	1	0	0	0	0	0	1	0	0	0	0	0	0	0	0	0	1	0	0	0	0	0	0	0	0	68	0	0	0	0	0	0	0	1	0	1	0	0	0	0	0	49	0	1	0	0	0	0	0	0	0	0	0	153	0	0	0	34	6	20	0	25	0	0	0	31	0	0	0	27	26	0	0	0	33	0	22	0	0	0	0	0	0	0	0	0	0	0	14	69	0	0	0	0	0	0	0	0	0	0	0	0	9	0	0	0	0	39	14	0	37	69	0	43	0	42	0	0	11	0	48	54	0	36	0	0	45	0	0	0	0	32	29	3	0	8	0	0	0	0	30	26	1	15716	27467	11256	53	27025	11309	0.4185	0	0	NPB13_057_CD	0.1057	57	C	MOCK	M	MC	y	1	1	MC
NPB13_011_CD	17	1188	660	0	1794	39	0	386	2	0	0	341	0	6	230	0	0	0	5401	13	0	0	0	3243	0	0	0	0	46	61	0	0	0	0	1	0	3	15	1	0	0	978	0	0	1	420	5	9	1	0	0	0	3	5	0	0	0	0	27	0	56	0	0	0	2	3	2	0	0	13	7	9	19	10	0	0	0	4	0	26	0	1	1	0	0	0	4	0	6	0	16	0	0	0	0	1	10	0	0	37	2	3	0	0	0	0	0	0	0	0	67	0	0	0	2	0	0	0	0	9	1	0	4	13	0	3	1	3	2	0	2	0	2	2	0	2	0	0	0	0	0	0	0	1	3	25	1	1	0	447	0	1	2	2	0	15724	19051	931	13	16668	944	0.0566	0	0	NPB13_011_CD	0.0852	11	C	MOCK	SA	SAC	y	1	1	MC
NPB13_048_CD	31	10179	2722	0	1228	2	0	311	1	0	0	4	0	50	505	1	0	4	36	0	0	0	0	22	0	0	0	0	0	0	0	0	0	20	0	0	2	143	0	0	0	6	0	0	0	44	1	2	0	0	0	0	2	62	0	0	0	0	1	0	0	0	0	0	0	45	0	0	0	53	35	45	0	51	0	0	0	41	0	1	0	39	44	0	0	0	40	0	42	0	6	0	0	0	0	0	0	0	0	101	34	26	0	0	0	0	0	0	0	0	31	0	0	0	15	0	0	0	0	22	28	0	17	2	0	12	75	18	0	0	12	0	19	16	0	19	0	0	18	0	0	0	0	13	8	34	5	14	0	0	0	0	8	13	1	16382	21813	4300	407	21089	4707	0.2232	0	0	NPB13_048_CD	0.0985	48	C	MOCK	SA	SAC	y	1	1	MC
NPB13_001_TD	633	2496	985	0	2160	59	28	244	2694	0	1	1	6	35	609	21	0	3	56	13	0	0	0	9	19	0	0	0	147	4890	0	0	0	29	8	0	1	28	0	0	2	1	0	0	0	9	5	9	0	0	0	0	6	20	0	5	4	0	319	0	11	6	0	8	0	19	17	2	0	13	13	47	5	12	147	2	0	7	1	13	0	13	14	3	3	0	13	2	17	0	0	0	0	1	63	0	7	5	0	103	12	7	0	0	0	0	0	3	0	4	34	0	0	0	7	2	336	0	4	10	6	0	10	0	0	5	0	6	2	0	6	0	4	6	10	4	36	0	6	1	0	0	0	5	1	27	3	3	0	11	2	1	4	2	1	16703	19911	1367	7	18077	1374	0.0760	0	0	NPB13_001_TD	0.111	1	TX	JA	JA	JATX	y	1	1	JATX
NPB13_030_CD	506	6979	59	0	3874	240	0	1690	11	1	3	1336	55	0	0	26	0	0	121	6	0	0	0	5	11	0	0	0	0	1	0	0	0	0	0	0	0	74	0	0	0	341	0	0	3	106	2	63	0	0	7	0	35	46	0	2	0	0	0	0	0	1	0	0	0	1	38	0	0	39	30	19	41	30	1	1	1	22	4	943	1	32	35	0	3	0	36	16	30	0	214	1	0	0	3	1	15	0	0	206	8	1	1	0	0	0	1	0	0	2	86	0	1	0	23	0	0	1	0	1	13	0	0	5	0	3	16	0	0	0	32	0	0	0	1	1	0	0	0	0	0	0	0	0	0	52	0	10	1	22	0	1	1	0	1	17651	19626	833	125	18609	958	0.0515	0	0	NPB13_030_CD	0.0936	30	C	MOCK	SA	SAC	y	1	1	MC
NPB13_037_CD	121	488	20	0	1826	881	12	369	215	4	0	64	2225	0	17	3	0	0	1668	177	0	0	0	1239	2	0	0	0	51	2080	0	0	0	0	8	0	0	4	0	0	1	599	0	0	26	190	3232	139	0	0	28	0	21	1	0	1	0	0	76	0	1611	0	0	0	42	0	7	1	0	5	4	6	133	5	9	1	0	1	0	473	0	1	5	5	0	0	3	125	0	0	2	1	0	1	17	9	80	17	0	30	2	0	0	0	0	0	0	34	1	0	17	0	0	0	2	0	39	1	5	0	0	0	0	1	0	0	0	0	0	0	4	0	0	0	0	0	4	1	0	0	0	8	0	0	0	11	2	1	0	112	0	0	0	0	0	18627	30289	6845	57	25529	6902	0.2704	0	0	NPB13_037_CD	0.0816	37	C	MOCK	SA	SAC	y	1	1	MC
NPB13_019_TD	404	1431	49	0	564	437	3	448	20	11	0	176	8195	0	178	28	1	0	242	29	6	0	0	625	14	0	0	0	1651	159	0	2	0	0	49	0	1	19	0	1	0	169	0	0	147	106	505	67	0	0	258	0	39	8	0	4	3	0	2381	0	209	0	0	3	37	0	5	5	0	4	5	5	35	4	0	0	0	9	1	87	0	6	4	19	4	0	7	135	7	0	24	1	0	3	125	7	20	91	0	25	7	0	2	0	0	0	1	52	6	1	19	0	0	0	5	0	8	6	15	0	1	0	0	1	0	0	13	0	1	0	9	0	0	0	1	0	0	0	0	0	0	3	0	0	0	12	9	0	0	17	2	0	0	0	0	19508	25624	107	15	19630	122	0.0062	0	0	NPB13_019_TD	0.0806	19	TX	JA	JA	JATX	y	1	1	JATX
NPB13_050_TD	3	20007	29	0	9	13	0	101	0	0	0	40	0	0	1	0	0	0	1	0	0	0	0	0	0	0	0	0	1	0	0	0	0	0	0	0	0	217	0	0	0	10	0	0	0	12	0	12	0	0	0	0	5	139	0	0	0	0	0	0	0	0	0	0	0	0	0	0	0	125	45	54	0	105	0	0	0	92	0	0	0	83	80	0	0	0	82	0	93	0	31	0	0	0	0	0	0	0	0	0	56	0	0	0	0	0	0	0	0	0	3	0	0	0	38	0	0	0	0	1	48	0	0	15	0	0	11	0	0	0	35	0	0	0	0	0	0	0	0	0	0	0	0	0	0	10	0	31	0	0	0	0	1	2	57	21698	22391	74	11	21783	85	0.0039	0	0	NPB13_050_TD	0.062	50	TX	MOCK	M	MTX	y	1	1	MC
NPB13_012_TD	62	19086	247	0	5	38	0	537	0	0	0	201	0	0	50	2	0	0	0	0	0	0	0	20	4	0	0	0	0	0	0	0	0	0	0	0	2	190	0	0	0	72	0	0	0	7	1	16	0	0	1	0	12	124	0	0	0	0	4	0	0	0	0	0	16	6	7	0	0	102	62	127	0	83	0	0	0	81	3	1	0	74	89	0	0	0	77	0	78	0	62	0	0	0	0	0	0	0	0	0	64	1	0	0	0	0	0	0	0	0	3	0	0	0	32	0	0	0	0	6	49	0	1	16	0	0	11	1	0	0	25	0	3	1	0	0	0	0	1	0	0	0	0	0	0	15	0	42	0	0	0	0	1	2	83	21906	23016	400	38	22344	438	0.0196	0	0	NPB13_012_TD	0.0903	12	TX	JA	JA	JATX	y	1	1	JATX
