,contr.y,contr,contr.x,pearson,spearman,dna_dist,K
1,Pseudomonas1,Pseudomonas4_Pseudomonas1,Pseudomonas4,0.653642378907543,0.761340653101859,0.00414940140734753,Pseudomonadaceae
2,Pseudomonas1,Pseudomonas8_Pseudomonas1,Pseudomonas8,0.908749191364766,0.930967328395135,0.00414940140734753,Pseudomonadaceae
3,Pseudomonas1,Pseudomonas11_Pseudomonas1,Pseudomonas11,0.425898917459578,0.404731155959974,0.00831178781626162,Pseudomonadaceae
4,Pseudomonas1,Pseudomonas12_Pseudomonas1,Pseudomonas12,0.248488783947024,0.246843129897915,0.00831616452865048,Pseudomonadaceae
5,Pseudomonas1,Pseudomonas13_Pseudomonas1,Pseudomonas13,0.506981290898512,0.562489450649584,0.00831178781626162,Pseudomonadaceae
6,Pseudomonas1,Pseudomonas14_Pseudomonas1,Pseudomonas14,0.89127937583603,0.909199187130667,0.00414940140734753,Pseudomonadaceae
7,Pseudomonas1,Pseudomonas15_Pseudomonas1,Pseudomonas15,0.902441371505228,0.939779543402233,0.00414509703668944,Pseudomonadaceae
8,Pseudomonas1,Pseudomonas29_Pseudomonas1,Pseudomonas29,0.825137507191962,0.864544846445815,0.00414940140734753,Pseudomonadaceae
9,Pseudomonas1,Pseudomonas21_Pseudomonas1,Pseudomonas21,0.86953162251692,0.901521205362293,0.00414940140734753,Pseudomonadaceae
10,Pseudomonas1,Pseudomonas16_Pseudomonas1,Pseudomonas16,0.880323396314449,0.898515348765505,0.00414940140734753,Pseudomonadaceae
11,Pseudomonas1,Pseudomonas17_Pseudomonas1,Pseudomonas17,0.885997078313903,0.92449591721975,0.00414940140734753,Pseudomonadaceae
12,Pseudomonas1,Pseudomonas19_Pseudomonas1,Pseudomonas19,0.877172693015082,0.917800561926392,0.00414940140734753,Pseudomonadaceae
13,Pseudomonas1,Pseudomonas18_Pseudomonas1,Pseudomonas18,0.878078394015156,0.912760918458015,0.00414940140734753,Pseudomonadaceae
14,Pseudomonas1,Pseudomonas22_Pseudomonas1,Pseudomonas22,0.869963294620462,0.914277403469481,0.00414509703668944,Pseudomonadaceae
15,Pseudomonas1,Pseudomonas23_Pseudomonas1,Pseudomonas23,0.872426941642158,0.914927276815768,0.00414940140734753,Pseudomonadaceae
16,Pseudomonas1,Pseudomonas25_Pseudomonas1,Pseudomonas25,0.541980647494507,0.650453096065373,0.00414940140734753,Pseudomonadaceae
17,Pseudomonas1,Pseudomonas26_Pseudomonas1,Pseudomonas26,0.668300202094999,0.716966568063947,0.00831178781626162,Pseudomonadaceae
18,Pseudomonas1,Pseudomonas27_Pseudomonas1,Pseudomonas27,0.130560093519593,0.15663380280796,0.00833352624260582,Pseudomonadaceae
19,Pseudomonas1,Pseudomonas28_Pseudomonas1,Pseudomonas28,0.857189146071588,0.887417393889454,0.00414940140734753,Pseudomonadaceae
20,Pseudomonas1,Pseudomonas35_Pseudomonas1,Pseudomonas35,0.131530769375175,0.194597992807944,0.00833352624260582,Pseudomonadaceae
21,Pseudomonas1,Pseudomonas32_Pseudomonas1,Pseudomonas32,0.789771610398733,0.828388644467619,0.00414940140734753,Pseudomonadaceae
22,Pseudomonas1,Pseudomonas31_Pseudomonas1,Pseudomonas31,0.813394206141047,0.855583161024556,0.00414940140734753,Pseudomonadaceae
23,Pseudomonas1,Pseudomonas33_Pseudomonas1,Pseudomonas33,0.645469217907558,0.728237312444459,0.00414509703668944,Pseudomonadaceae
24,Pseudomonas1,Pseudomonas34_Pseudomonas1,Pseudomonas34,0.620296825973251,0.717586723248105,0.00414509703668944,Pseudomonadaceae
25,Pseudomonas1,Pseudomonas36_Pseudomonas1,Pseudomonas36,0.745600102818622,0.78589632100613,0.00414940140734753,Pseudomonadaceae
26,Pseudomonas1,Pseudomonas39_Pseudomonas1,Pseudomonas39,0.66904349758445,0.726911552299695,0.00414940140734753,Pseudomonadaceae
27,Pseudomonas1,Pseudomonas38_Pseudomonas1,Pseudomonas38,0.797279541385403,0.829188943789829,0.00414940140734753,Pseudomonadaceae
28,Pseudomonas1,Pseudomonas41_Pseudomonas1,Pseudomonas41,0.5293063240711,0.576188094293397,0.00414940140734753,Pseudomonadaceae
29,Pseudomonas11,Pseudomonas12_Pseudomonas11,Pseudomonas12,0.262964225703706,0.179075022628533,0.00831178781626162,Pseudomonadaceae
30,Pseudomonas12,Pseudomonas13_Pseudomonas12,Pseudomonas13,0.278301064415169,0.279201875865766,0.00831178781626162,Pseudomonadaceae
31,Pseudomonas12,Pseudomonas25_Pseudomonas12,Pseudomonas25,0.127413430388397,0.219543783778086,0.00831616452865048,Pseudomonadaceae
32,Pseudomonas13,Pseudomonas25_Pseudomonas13,Pseudomonas25,0.435841303020954,0.550249400168875,0.00831178781626162,Pseudomonadaceae
33,Pseudomonas14,Pseudomonas15_Pseudomonas14,Pseudomonas15,0.94871425226714,0.897027849674133,0.00831178781626162,Pseudomonadaceae
34,Pseudomonas14,Pseudomonas29_Pseudomonas14,Pseudomonas29,0.861635748295234,0.821696732852289,0.00833352624260582,Pseudomonadaceae
35,Pseudomonas14,Pseudomonas21_Pseudomonas14,Pseudomonas21,0.948548095633899,0.898292872640754,0.00833352624260582,Pseudomonadaceae
36,Pseudomonas14,Pseudomonas16_Pseudomonas14,Pseudomonas16,0.950219592792173,0.883588569375414,0.00833352624260582,Pseudomonadaceae
37,Pseudomonas14,Pseudomonas17_Pseudomonas14,Pseudomonas17,0.947787130127626,0.905671189629358,0.00833352624260582,Pseudomonadaceae
38,Pseudomonas14,Pseudomonas19_Pseudomonas14,Pseudomonas19,0.945584136486923,0.888848193802097,0.00833352624260582,Pseudomonadaceae
39,Pseudomonas14,Pseudomonas18_Pseudomonas14,Pseudomonas18,0.923927184358265,0.864299158585718,0.00833352624260582,Pseudomonadaceae
40,Pseudomonas14,Pseudomonas22_Pseudomonas14,Pseudomonas22,0.948623319494057,0.88839721711866,0.00831178781626162,Pseudomonadaceae
41,Pseudomonas14,Pseudomonas23_Pseudomonas14,Pseudomonas23,0.943283441818479,0.88309035599835,0.00833352624260582,Pseudomonadaceae
42,Pseudomonas14,Pseudomonas25_Pseudomonas14,Pseudomonas25,0.563277131382197,0.619598162072827,0.00833352624260582,Pseudomonadaceae
43,Pseudomonas14,Pseudomonas28_Pseudomonas14,Pseudomonas28,0.907212690080057,0.861793077533293,0.00833352624260582,Pseudomonadaceae
44,Pseudomonas14,Pseudomonas32_Pseudomonas14,Pseudomonas32,0.849748591456276,0.820677906191193,0.00833352624260582,Pseudomonadaceae
45,Pseudomonas14,Pseudomonas31_Pseudomonas14,Pseudomonas31,0.91135610936616,0.839141137640189,0.00833352624260582,Pseudomonadaceae
46,Pseudomonas14,Pseudomonas33_Pseudomonas14,Pseudomonas33,0.686198787133329,0.699012193602988,0.00831178781626162,Pseudomonadaceae
47,Pseudomonas14,Pseudomonas34_Pseudomonas14,Pseudomonas34,0.695536835226848,0.748355049488177,0.00831178781626162,Pseudomonadaceae
48,Pseudomonas14,Pseudomonas36_Pseudomonas14,Pseudomonas36,0.81303472367725,0.746697715485577,0.00833352624260582,Pseudomonadaceae
49,Pseudomonas14,Pseudomonas39_Pseudomonas14,Pseudomonas39,0.762156124154599,0.715371982267217,0.00833352624260582,Pseudomonadaceae
50,Pseudomonas14,Pseudomonas38_Pseudomonas14,Pseudomonas38,0.889490011080319,0.835033593976094,0.00833352624260582,Pseudomonadaceae
51,Pseudomonas14,Pseudomonas41_Pseudomonas14,Pseudomonas41,0.610695303901634,0.580254265285466,0.00833352624260582,Pseudomonadaceae
52,Pseudomonas15,Pseudomonas29_Pseudomonas15,Pseudomonas29,0.889787562060922,0.87556420483468,0.00831178781626162,Pseudomonadaceae
53,Pseudomonas15,Pseudomonas21_Pseudomonas15,Pseudomonas21,0.938293940060237,0.899678715746954,0.00831178781626162,Pseudomonadaceae
54,Pseudomonas15,Pseudomonas16_Pseudomonas15,Pseudomonas16,0.948539405489979,0.882064507726346,0.00831178781626162,Pseudomonadaceae
55,Pseudomonas15,Pseudomonas17_Pseudomonas15,Pseudomonas17,0.956855063807212,0.925273323512978,0.00831178781626162,Pseudomonadaceae
56,Pseudomonas15,Pseudomonas19_Pseudomonas15,Pseudomonas19,0.951596980994713,0.913304530037055,0.00831178781626162,Pseudomonadaceae
57,Pseudomonas15,Pseudomonas18_Pseudomonas15,Pseudomonas18,0.956738746485545,0.916997324413831,0.00831178781626162,Pseudomonadaceae
58,Pseudomonas15,Pseudomonas22_Pseudomonas15,Pseudomonas22,0.95926664603443,0.91297574931016,0.00831616452865048,Pseudomonadaceae
59,Pseudomonas15,Pseudomonas23_Pseudomonas15,Pseudomonas23,0.954332161484039,0.908502536394776,0.00831178781626162,Pseudomonadaceae
60,Pseudomonas15,Pseudomonas25_Pseudomonas15,Pseudomonas25,0.54998464941199,0.613643248188886,0.00831178781626162,Pseudomonadaceae
61,Pseudomonas15,Pseudomonas28_Pseudomonas15,Pseudomonas28,0.930159230323033,0.887150062677907,0.00831178781626162,Pseudomonadaceae
62,Pseudomonas15,Pseudomonas32_Pseudomonas15,Pseudomonas32,0.844472270388293,0.817644728740173,0.00831178781626162,Pseudomonadaceae
63,Pseudomonas15,Pseudomonas31_Pseudomonas15,Pseudomonas31,0.914211526708863,0.838922208368552,0.00831178781626162,Pseudomonadaceae
64,Pseudomonas15,Pseudomonas33_Pseudomonas15,Pseudomonas33,0.71139398631539,0.743976888377854,0.00831616452865048,Pseudomonadaceae
65,Pseudomonas15,Pseudomonas34_Pseudomonas15,Pseudomonas34,0.675107900915787,0.715905563844808,0.00831616452865048,Pseudomonadaceae
66,Pseudomonas15,Pseudomonas36_Pseudomonas15,Pseudomonas36,0.826912486393743,0.772422467326841,0.00831178781626162,Pseudomonadaceae
67,Pseudomonas15,Pseudomonas39_Pseudomonas15,Pseudomonas39,0.796099100468099,0.755112572012493,0.00831178781626162,Pseudomonadaceae
68,Pseudomonas15,Pseudomonas38_Pseudomonas15,Pseudomonas38,0.921284390499642,0.87008066870496,0.00831178781626162,Pseudomonadaceae
69,Pseudomonas15,Pseudomonas41_Pseudomonas15,Pseudomonas41,0.595320914698448,0.564747459984694,0.00831178781626162,Pseudomonadaceae
70,Pseudomonas16,Pseudomonas17_Pseudomonas16,Pseudomonas17,0.937149772338155,0.892888111538939,0.00833352624260582,Pseudomonadaceae
71,Pseudomonas16,Pseudomonas19_Pseudomonas16,Pseudomonas19,0.944430993642437,0.887696969795278,0.00833352624260582,Pseudomonadaceae
72,Pseudomonas16,Pseudomonas18_Pseudomonas16,Pseudomonas18,0.928750404462532,0.867959779397692,0.00833352624260582,Pseudomonadaceae
73,Pseudomonas16,Pseudomonas22_Pseudomonas16,Pseudomonas22,0.954085261363163,0.908657427151254,0.00831178781626162,Pseudomonadaceae
74,Pseudomonas16,Pseudomonas23_Pseudomonas16,Pseudomonas23,0.956222146136294,0.897197276461896,0.00833352624260582,Pseudomonadaceae
75,Pseudomonas16,Pseudomonas25_Pseudomonas16,Pseudomonas25,0.558651729347782,0.604700217792182,0.00833352624260582,Pseudomonadaceae
76,Pseudomonas16,Pseudomonas28_Pseudomonas16,Pseudomonas28,0.904941451409227,0.836247880824226,0.00833352624260582,Pseudomonadaceae
77,Pseudomonas16,Pseudomonas32_Pseudomonas16,Pseudomonas32,0.836947079528427,0.79548585304181,0.00833352624260582,Pseudomonadaceae
78,Pseudomonas16,Pseudomonas31_Pseudomonas16,Pseudomonas31,0.921033963054593,0.858488014331469,0.00833352624260582,Pseudomonadaceae
79,Pseudomonas16,Pseudomonas33_Pseudomonas16,Pseudomonas33,0.698070190022689,0.679793118415791,0.00831178781626162,Pseudomonadaceae
80,Pseudomonas16,Pseudomonas34_Pseudomonas16,Pseudomonas34,0.65814394140364,0.668865914798703,0.00831178781626162,Pseudomonadaceae
81,Pseudomonas16,Pseudomonas36_Pseudomonas16,Pseudomonas36,0.793942706769185,0.719254582000032,0.00833352624260582,Pseudomonadaceae
82,Pseudomonas16,Pseudomonas39_Pseudomonas16,Pseudomonas39,0.774508471344419,0.731726265726059,0.00833352624260582,Pseudomonadaceae
83,Pseudomonas16,Pseudomonas38_Pseudomonas16,Pseudomonas38,0.888945322501413,0.821159537311875,0.00833352624260582,Pseudomonadaceae
84,Pseudomonas16,Pseudomonas41_Pseudomonas16,Pseudomonas41,0.574364684103657,0.565874525760174,0.00833352624260582,Pseudomonadaceae
85,Pseudomonas17,Pseudomonas19_Pseudomonas17,Pseudomonas19,0.939141802468552,0.89110555216941,0.00833352624260582,Pseudomonadaceae
86,Pseudomonas17,Pseudomonas18_Pseudomonas17,Pseudomonas18,0.9613657277585,0.939568718985756,0.00833352624260582,Pseudomonadaceae
87,Pseudomonas17,Pseudomonas22_Pseudomonas17,Pseudomonas22,0.943321611172395,0.906520764669191,0.00831178781626162,Pseudomonadaceae
88,Pseudomonas17,Pseudomonas23_Pseudomonas17,Pseudomonas23,0.942823852030159,0.890178691714958,0.00833352624260582,Pseudomonadaceae
89,Pseudomonas17,Pseudomonas25_Pseudomonas17,Pseudomonas25,0.540708814810768,0.619783519288295,0.00833352624260582,Pseudomonadaceae
90,Pseudomonas17,Pseudomonas28_Pseudomonas17,Pseudomonas28,0.916745691827853,0.894588233999252,0.00833352624260582,Pseudomonadaceae
91,Pseudomonas17,Pseudomonas32_Pseudomonas17,Pseudomonas32,0.851400407482814,0.822316604275327,0.00833352624260582,Pseudomonadaceae
92,Pseudomonas17,Pseudomonas31_Pseudomonas17,Pseudomonas31,0.9165359188814,0.861516745188708,0.00833352624260582,Pseudomonadaceae
93,Pseudomonas17,Pseudomonas33_Pseudomonas17,Pseudomonas33,0.714725206584454,0.717054735518426,0.00831178781626162,Pseudomonadaceae
94,Pseudomonas17,Pseudomonas34_Pseudomonas17,Pseudomonas34,0.720708094866505,0.784699367657857,0.00831178781626162,Pseudomonadaceae
95,Pseudomonas17,Pseudomonas36_Pseudomonas17,Pseudomonas36,0.828321150755184,0.797066070688258,0.00833352624260582,Pseudomonadaceae
96,Pseudomonas17,Pseudomonas39_Pseudomonas17,Pseudomonas39,0.773825579364454,0.74716161941959,0.00833352624260582,Pseudomonadaceae
97,Pseudomonas17,Pseudomonas38_Pseudomonas17,Pseudomonas38,0.895945368547625,0.830406006687165,0.00833352624260582,Pseudomonadaceae
98,Pseudomonas17,Pseudomonas41_Pseudomonas17,Pseudomonas41,0.604191385277443,0.575482457716138,0.00833352624260582,Pseudomonadaceae
99,Pseudomonas18,Pseudomonas22_Pseudomonas18,Pseudomonas22,0.948531556254284,0.900365476693856,0.00831178781626162,Pseudomonadaceae
100,Pseudomonas18,Pseudomonas23_Pseudomonas18,Pseudomonas23,0.941688474169802,0.893418081087022,0.00833352624260582,Pseudomonadaceae
101,Pseudomonas18,Pseudomonas25_Pseudomonas18,Pseudomonas25,0.575331425805508,0.636936183935926,0.00833352624260582,Pseudomonadaceae
102,Pseudomonas18,Pseudomonas28_Pseudomonas18,Pseudomonas28,0.911383467268668,0.851242570385115,0.00833352624260582,Pseudomonadaceae
103,Pseudomonas18,Pseudomonas32_Pseudomonas18,Pseudomonas32,0.828860567016442,0.789122504339402,0.00833352624260582,Pseudomonadaceae
104,Pseudomonas18,Pseudomonas31_Pseudomonas18,Pseudomonas31,0.916923601637867,0.85562970139031,0.00833352624260582,Pseudomonadaceae
105,Pseudomonas18,Pseudomonas33_Pseudomonas18,Pseudomonas33,0.710797650163746,0.71848262289713,0.00831178781626162,Pseudomonadaceae
106,Pseudomonas18,Pseudomonas34_Pseudomonas18,Pseudomonas34,0.707416827024782,0.758771254818103,0.00831178781626162,Pseudomonadaceae
107,Pseudomonas18,Pseudomonas36_Pseudomonas18,Pseudomonas36,0.829683595725984,0.762925778870875,0.00833352624260582,Pseudomonadaceae
108,Pseudomonas18,Pseudomonas39_Pseudomonas18,Pseudomonas39,0.791952274346063,0.7534592671862,0.00833352624260582,Pseudomonadaceae
109,Pseudomonas18,Pseudomonas38_Pseudomonas18,Pseudomonas38,0.910584689863288,0.839713688465984,0.00833352624260582,Pseudomonadaceae
110,Pseudomonas18,Pseudomonas41_Pseudomonas18,Pseudomonas41,0.584585446014956,0.551888884025995,0.00833352624260582,Pseudomonadaceae
111,Pseudomonas19,Pseudomonas18_Pseudomonas19,Pseudomonas18,0.933533348602736,0.879556328156368,0.00833352624260582,Pseudomonadaceae
112,Pseudomonas19,Pseudomonas22_Pseudomonas19,Pseudomonas22,0.956096276274259,0.916816774709122,0.00831178781626162,Pseudomonadaceae
113,Pseudomonas19,Pseudomonas23_Pseudomonas19,Pseudomonas23,0.967462693462554,0.9312326715314,0.00833352624260582,Pseudomonadaceae
114,Pseudomonas19,Pseudomonas25_Pseudomonas19,Pseudomonas25,0.552683245066871,0.639197475372612,0.00833352624260582,Pseudomonadaceae
115,Pseudomonas19,Pseudomonas26_Pseudomonas19,Pseudomonas26,0.672147557167556,0.701401129898743,0.00414509703668944,Pseudomonadaceae
116,Pseudomonas19,Pseudomonas28_Pseudomonas19,Pseudomonas28,0.935112994567049,0.899998617072274,0.00833352624260582,Pseudomonadaceae
117,Pseudomonas19,Pseudomonas32_Pseudomonas19,Pseudomonas32,0.85061905184292,0.831711096502587,0.00833352624260582,Pseudomonadaceae
118,Pseudomonas19,Pseudomonas31_Pseudomonas19,Pseudomonas31,0.92203461503632,0.849488276755419,0.00833352624260582,Pseudomonadaceae
119,Pseudomonas19,Pseudomonas33_Pseudomonas19,Pseudomonas33,0.742316272565312,0.749933253623807,0.00831178781626162,Pseudomonadaceae
120,Pseudomonas19,Pseudomonas34_Pseudomonas19,Pseudomonas34,0.685866584224151,0.708970884082165,0.00831178781626162,Pseudomonadaceae
121,Pseudomonas19,Pseudomonas36_Pseudomonas19,Pseudomonas36,0.80976311546776,0.752103156177381,0.00833352624260582,Pseudomonadaceae
122,Pseudomonas19,Pseudomonas39_Pseudomonas19,Pseudomonas39,0.773450241934908,0.740203693624729,0.00833352624260582,Pseudomonadaceae
123,Pseudomonas19,Pseudomonas38_Pseudomonas19,Pseudomonas38,0.886221907897888,0.817506358256932,0.00833352624260582,Pseudomonadaceae
124,Pseudomonas19,Pseudomonas41_Pseudomonas19,Pseudomonas41,0.584447734503054,0.574621863533336,0.00833352624260582,Pseudomonadaceae
125,Pseudomonas2,Pseudomonas4_Pseudomonas2,Pseudomonas4,0.426994881763398,0.390834111454672,0.00833352624260582,Pseudomonadaceae
126,Pseudomonas2,Pseudomonas24_Pseudomonas2,Pseudomonas24,0.701232384581209,0.495173523664736,0.00831178781626162,Pseudomonadaceae
127,Pseudomonas2,Pseudomonas20_Pseudomonas2,Pseudomonas20,0.716917549451388,0.367437262368335,0.00833352624260582,Pseudomonadaceae
128,Pseudomonas2,Pseudomonas27_Pseudomonas2,Pseudomonas27,0.889916449496066,0.585007609251579,0.00414940140734753,Pseudomonadaceae
129,Pseudomonas2,Pseudomonas35_Pseudomonas2,Pseudomonas35,0.83151993083887,0.465208765216581,0.00414940140734753,Pseudomonadaceae
130,Pseudomonas2,Pseudomonas39_Pseudomonas2,Pseudomonas39,0.454296094646281,0.452486210911471,0.00833352624260582,Pseudomonadaceae
131,Pseudomonas2,Pseudomonas40_Pseudomonas2,Pseudomonas40,0.530950569974112,0.307197266531905,0.00831178781626162,Pseudomonadaceae
132,Pseudomonas20,Pseudomonas40_Pseudomonas20,Pseudomonas40,0.589845393325378,0.45786870849688,0.00831178781626162,Pseudomonadaceae
133,Pseudomonas21,Pseudomonas16_Pseudomonas21,Pseudomonas16,0.940050690331352,0.880814507444309,0.00833352624260582,Pseudomonadaceae
134,Pseudomonas21,Pseudomonas17_Pseudomonas21,Pseudomonas17,0.940086579394663,0.897320543988248,0.00833352624260582,Pseudomonadaceae
135,Pseudomonas21,Pseudomonas19_Pseudomonas21,Pseudomonas19,0.948787325984319,0.906192998521274,0.00833352624260582,Pseudomonadaceae
136,Pseudomonas21,Pseudomonas18_Pseudomonas21,Pseudomonas18,0.923609719244194,0.868179408282074,0.00833352624260582,Pseudomonadaceae
137,Pseudomonas21,Pseudomonas22_Pseudomonas21,Pseudomonas22,0.944948823092357,0.904041707156433,0.00831178781626162,Pseudomonadaceae
138,Pseudomonas21,Pseudomonas23_Pseudomonas21,Pseudomonas23,0.945050282192169,0.890392778156677,0.00833352624260582,Pseudomonadaceae
139,Pseudomonas21,Pseudomonas25_Pseudomonas21,Pseudomonas25,0.60833996768754,0.682366520716814,0.00833352624260582,Pseudomonadaceae
140,Pseudomonas21,Pseudomonas28_Pseudomonas21,Pseudomonas28,0.901531136413101,0.837272342835001,0.00833352624260582,Pseudomonadaceae
141,Pseudomonas21,Pseudomonas32_Pseudomonas21,Pseudomonas32,0.856431156852591,0.848732279683927,0.00833352624260582,Pseudomonadaceae
142,Pseudomonas21,Pseudomonas31_Pseudomonas21,Pseudomonas31,0.909888152625936,0.849107951460183,0.00833352624260582,Pseudomonadaceae
143,Pseudomonas21,Pseudomonas33_Pseudomonas21,Pseudomonas33,0.716244055274206,0.723727302478941,0.00831178781626162,Pseudomonadaceae
144,Pseudomonas21,Pseudomonas34_Pseudomonas21,Pseudomonas34,0.694349887767986,0.755405031572665,0.00831178781626162,Pseudomonadaceae
145,Pseudomonas21,Pseudomonas36_Pseudomonas21,Pseudomonas36,0.817818636027786,0.780414012208438,0.00833352624260582,Pseudomonadaceae
146,Pseudomonas21,Pseudomonas39_Pseudomonas21,Pseudomonas39,0.754144501312101,0.714955109919641,0.00833352624260582,Pseudomonadaceae
147,Pseudomonas21,Pseudomonas38_Pseudomonas21,Pseudomonas38,0.892274383721761,0.827837747357801,0.00833352624260582,Pseudomonadaceae
148,Pseudomonas21,Pseudomonas41_Pseudomonas21,Pseudomonas41,0.545216383939623,0.519848456503499,0.00833352624260582,Pseudomonadaceae
149,Pseudomonas22,Pseudomonas23_Pseudomonas22,Pseudomonas23,0.958296448398277,0.909344364817168,0.00831178781626162,Pseudomonadaceae
150,Pseudomonas22,Pseudomonas25_Pseudomonas22,Pseudomonas25,0.563313341091779,0.617475172027309,0.00831178781626162,Pseudomonadaceae
151,Pseudomonas22,Pseudomonas28_Pseudomonas22,Pseudomonas28,0.913741874707159,0.857093187633209,0.00831178781626162,Pseudomonadaceae
152,Pseudomonas22,Pseudomonas32_Pseudomonas22,Pseudomonas32,0.838105157549528,0.810021728095009,0.00831178781626162,Pseudomonadaceae
153,Pseudomonas22,Pseudomonas31_Pseudomonas22,Pseudomonas31,0.944886772294302,0.88862687207118,0.00831178781626162,Pseudomonadaceae
154,Pseudomonas22,Pseudomonas33_Pseudomonas22,Pseudomonas33,0.695118519721738,0.707708477447812,0.00831616452865048,Pseudomonadaceae
155,Pseudomonas22,Pseudomonas34_Pseudomonas22,Pseudomonas34,0.691952664988552,0.707524115324158,0.00831616452865048,Pseudomonadaceae
156,Pseudomonas22,Pseudomonas36_Pseudomonas22,Pseudomonas36,0.837998386198155,0.777927118238158,0.00831178781626162,Pseudomonadaceae
157,Pseudomonas22,Pseudomonas39_Pseudomonas22,Pseudomonas39,0.797898617944961,0.736471175920107,0.00831178781626162,Pseudomonadaceae
158,Pseudomonas22,Pseudomonas38_Pseudomonas22,Pseudomonas38,0.921603854928383,0.844434333459573,0.00414509703668944,Pseudomonadaceae
159,Pseudomonas22,Pseudomonas41_Pseudomonas22,Pseudomonas41,0.573750089686855,0.566777003859989,0.00831178781626162,Pseudomonadaceae
160,Pseudomonas23,Pseudomonas25_Pseudomonas23,Pseudomonas25,0.555421586631305,0.623315561612789,0.00833352624260582,Pseudomonadaceae
161,Pseudomonas23,Pseudomonas28_Pseudomonas23,Pseudomonas28,0.932781361937308,0.884383029270908,0.00833352624260582,Pseudomonadaceae
162,Pseudomonas23,Pseudomonas32_Pseudomonas23,Pseudomonas32,0.850458710697668,0.82121934161702,0.00833352624260582,Pseudomonadaceae
163,Pseudomonas23,Pseudomonas31_Pseudomonas23,Pseudomonas31,0.93726451444302,0.851598299937972,0.00833352624260582,Pseudomonadaceae
164,Pseudomonas23,Pseudomonas33_Pseudomonas23,Pseudomonas33,0.734454390780028,0.760560623228486,0.00831178781626162,Pseudomonadaceae
165,Pseudomonas23,Pseudomonas34_Pseudomonas23,Pseudomonas34,0.683440420079759,0.704458008990556,0.00831178781626162,Pseudomonadaceae
166,Pseudomonas23,Pseudomonas36_Pseudomonas23,Pseudomonas36,0.822668767313415,0.744416046098984,0.00833352624260582,Pseudomonadaceae
167,Pseudomonas23,Pseudomonas39_Pseudomonas23,Pseudomonas39,0.768795089139279,0.724864144129412,0.00833352624260582,Pseudomonadaceae
168,Pseudomonas23,Pseudomonas38_Pseudomonas23,Pseudomonas38,0.911281147772253,0.856913397198847,0.00833352624260582,Pseudomonadaceae
169,Pseudomonas23,Pseudomonas41_Pseudomonas23,Pseudomonas41,0.596853807796525,0.55754520412922,0.00833352624260582,Pseudomonadaceae
170,Pseudomonas25,Pseudomonas28_Pseudomonas25,Pseudomonas28,0.540159733425003,0.598402151758515,0.00833352624260582,Pseudomonadaceae
171,Pseudomonas25,Pseudomonas32_Pseudomonas25,Pseudomonas32,0.615233758697869,0.724437414443408,0.00833352624260582,Pseudomonadaceae
172,Pseudomonas25,Pseudomonas31_Pseudomonas25,Pseudomonas31,0.512441053219624,0.566989241833992,0.00833352624260582,Pseudomonadaceae
173,Pseudomonas25,Pseudomonas33_Pseudomonas25,Pseudomonas33,0.36611440862392,0.448166732010865,0.00831178781626162,Pseudomonadaceae
174,Pseudomonas25,Pseudomonas34_Pseudomonas25,Pseudomonas34,0.525007180508847,0.562119500174186,0.00831178781626162,Pseudomonadaceae
175,Pseudomonas25,Pseudomonas36_Pseudomonas25,Pseudomonas36,0.606233923769331,0.691937269707622,0.00833352624260582,Pseudomonadaceae
176,Pseudomonas25,Pseudomonas39_Pseudomonas25,Pseudomonas39,0.651254133872172,0.621690594135514,0.00833352624260582,Pseudomonadaceae
177,Pseudomonas25,Pseudomonas38_Pseudomonas25,Pseudomonas38,0.538833891526792,0.574719262481162,0.00833352624260582,Pseudomonadaceae
178,Pseudomonas25,Pseudomonas41_Pseudomonas25,Pseudomonas41,0.343733995828749,0.394140028755792,0.00833352624260582,Pseudomonadaceae
179,Pseudomonas27,Pseudomonas35_Pseudomonas27,Pseudomonas35,0.841554543532187,0.625878648690343,0.00833352624260582,Pseudomonadaceae
180,Pseudomonas27,Pseudomonas39_Pseudomonas27,Pseudomonas39,0.507508607479314,0.458188191555452,0.00414940140734753,Pseudomonadaceae
181,Pseudomonas28,Pseudomonas32_Pseudomonas28,Pseudomonas32,0.813952033347494,0.782922519218575,0.00833352624260582,Pseudomonadaceae
182,Pseudomonas28,Pseudomonas31_Pseudomonas28,Pseudomonas31,0.892626538617919,0.81408365285709,0.00833352624260582,Pseudomonadaceae
183,Pseudomonas28,Pseudomonas33_Pseudomonas28,Pseudomonas33,0.73501179427485,0.726380001912952,0.00831178781626162,Pseudomonadaceae
184,Pseudomonas28,Pseudomonas34_Pseudomonas28,Pseudomonas34,0.638447470803278,0.678068193182031,0.00831178781626162,Pseudomonadaceae
185,Pseudomonas28,Pseudomonas36_Pseudomonas28,Pseudomonas36,0.803226312957124,0.743434934955072,0.00833352624260582,Pseudomonadaceae
186,Pseudomonas28,Pseudomonas39_Pseudomonas28,Pseudomonas39,0.758769872440624,0.706827895295609,0.00833352624260582,Pseudomonadaceae
187,Pseudomonas28,Pseudomonas38_Pseudomonas28,Pseudomonas38,0.879038428377293,0.813103427936843,0.00833352624260582,Pseudomonadaceae
188,Pseudomonas28,Pseudomonas41_Pseudomonas28,Pseudomonas41,0.555789521448621,0.529095207913926,0.00833352624260582,Pseudomonadaceae
189,Pseudomonas29,Pseudomonas21_Pseudomonas29,Pseudomonas21,0.875261046316237,0.852470857412842,0.00833352624260582,Pseudomonadaceae
190,Pseudomonas29,Pseudomonas16_Pseudomonas29,Pseudomonas16,0.846193077693765,0.80149986401352,0.00833352624260582,Pseudomonadaceae
191,Pseudomonas29,Pseudomonas17_Pseudomonas29,Pseudomonas17,0.88842380974192,0.867800355554856,0.00833352624260582,Pseudomonadaceae
192,Pseudomonas29,Pseudomonas19_Pseudomonas29,Pseudomonas19,0.866966576602278,0.83802939511412,0.00833352624260582,Pseudomonadaceae
193,Pseudomonas29,Pseudomonas18_Pseudomonas29,Pseudomonas18,0.882239376908475,0.862998928454985,0.00833352624260582,Pseudomonadaceae
194,Pseudomonas29,Pseudomonas22_Pseudomonas29,Pseudomonas22,0.874803229534504,0.845348092801147,0.00831178781626162,Pseudomonadaceae
195,Pseudomonas29,Pseudomonas23_Pseudomonas29,Pseudomonas23,0.868834416926712,0.83112536650093,0.00833352624260582,Pseudomonadaceae
196,Pseudomonas29,Pseudomonas25_Pseudomonas29,Pseudomonas25,0.640977135770336,0.720551525284125,0.00833352624260582,Pseudomonadaceae
197,Pseudomonas29,Pseudomonas28_Pseudomonas29,Pseudomonas28,0.838349526513244,0.790154057605378,0.00833352624260582,Pseudomonadaceae
198,Pseudomonas29,Pseudomonas32_Pseudomonas29,Pseudomonas32,0.923254584173487,0.894966614663486,0.00833352624260582,Pseudomonadaceae
199,Pseudomonas29,Pseudomonas31_Pseudomonas29,Pseudomonas31,0.859237058559629,0.801999462601875,0.00833352624260582,Pseudomonadaceae
200,Pseudomonas29,Pseudomonas33_Pseudomonas29,Pseudomonas33,0.658166959449943,0.675090560833761,0.00831178781626162,Pseudomonadaceae
201,Pseudomonas29,Pseudomonas34_Pseudomonas29,Pseudomonas34,0.677788828478861,0.716845237738609,0.00831178781626162,Pseudomonadaceae
202,Pseudomonas29,Pseudomonas36_Pseudomonas29,Pseudomonas36,0.922108924211016,0.894933925257284,0.00833352624260582,Pseudomonadaceae
203,Pseudomonas29,Pseudomonas39_Pseudomonas29,Pseudomonas39,0.802125028268316,0.79821435850433,0.00833352624260582,Pseudomonadaceae
204,Pseudomonas29,Pseudomonas38_Pseudomonas29,Pseudomonas38,0.842704671591235,0.794981781459778,0.00833352624260582,Pseudomonadaceae
205,Pseudomonas29,Pseudomonas41_Pseudomonas29,Pseudomonas41,0.52641020798322,0.513336003318056,0.00833352624260582,Pseudomonadaceae
206,Pseudomonas3,Pseudomonas11_Pseudomonas3,Pseudomonas11,0.671416703657745,0.640193702541765,0.00831178781626162,Pseudomonadaceae
207,Pseudomonas3,Pseudomonas12_Pseudomonas3,Pseudomonas12,0.297694288473881,0.222164010470736,0.00833352624260582,Pseudomonadaceae
208,Pseudomonas3,Pseudomonas13_Pseudomonas3,Pseudomonas13,0.619508592029044,0.549614074345303,0.00831178781626162,Pseudomonadaceae
209,Pseudomonas31,Pseudomonas33_Pseudomonas31,Pseudomonas33,0.707614629294923,0.701873817648908,0.00831178781626162,Pseudomonadaceae
210,Pseudomonas31,Pseudomonas34_Pseudomonas31,Pseudomonas34,0.693905800814334,0.717655481071584,0.00831178781626162,Pseudomonadaceae
211,Pseudomonas31,Pseudomonas36_Pseudomonas31,Pseudomonas36,0.846481342443659,0.778180119581556,0.00833352624260582,Pseudomonadaceae
212,Pseudomonas31,Pseudomonas39_Pseudomonas31,Pseudomonas39,0.777703277627949,0.705162186601536,0.00833352624260582,Pseudomonadaceae
213,Pseudomonas31,Pseudomonas38_Pseudomonas31,Pseudomonas38,0.912248115903942,0.8116892211364,0.00833352624260582,Pseudomonadaceae
214,Pseudomonas31,Pseudomonas41_Pseudomonas31,Pseudomonas41,0.581884650946132,0.527766219148144,0.00833352624260582,Pseudomonadaceae
215,Pseudomonas32,Pseudomonas31_Pseudomonas32,Pseudomonas31,0.812973281508047,0.755784444724733,0.00833352624260582,Pseudomonadaceae
216,Pseudomonas32,Pseudomonas33_Pseudomonas32,Pseudomonas33,0.613922510676295,0.625357021745434,0.00831178781626162,Pseudomonadaceae
217,Pseudomonas32,Pseudomonas34_Pseudomonas32,Pseudomonas34,0.644127064348181,0.680946629168474,0.00831178781626162,Pseudomonadaceae
218,Pseudomonas32,Pseudomonas36_Pseudomonas32,Pseudomonas36,0.895689461112792,0.877022247365618,0.00833352624260582,Pseudomonadaceae
219,Pseudomonas32,Pseudomonas39_Pseudomonas32,Pseudomonas39,0.816924067977922,0.827378920826741,0.00833352624260582,Pseudomonadaceae
220,Pseudomonas32,Pseudomonas38_Pseudomonas32,Pseudomonas38,0.788958005145222,0.737007209290902,0.00833352624260582,Pseudomonadaceae
221,Pseudomonas32,Pseudomonas41_Pseudomonas32,Pseudomonas41,0.563591418669332,0.535991981245355,0.00833352624260582,Pseudomonadaceae
222,Pseudomonas33,Pseudomonas34_Pseudomonas33,Pseudomonas34,0.393735721148369,0.49323402159625,0.00414940140734753,Pseudomonadaceae
223,Pseudomonas33,Pseudomonas36_Pseudomonas33,Pseudomonas36,0.60429500080225,0.600118460932161,0.00831178781626162,Pseudomonadaceae
224,Pseudomonas33,Pseudomonas39_Pseudomonas33,Pseudomonas39,0.489584205292466,0.544792499443528,0.00831178781626162,Pseudomonadaceae
225,Pseudomonas33,Pseudomonas38_Pseudomonas33,Pseudomonas38,0.68313176313528,0.685979617245233,0.00831178781626162,Pseudomonadaceae
226,Pseudomonas33,Pseudomonas41_Pseudomonas33,Pseudomonas41,0.498029088300231,0.495864159645775,0.00414509703668944,Pseudomonadaceae
227,Pseudomonas34,Pseudomonas36_Pseudomonas34,Pseudomonas36,0.664238400629305,0.710449685588779,0.00831178781626162,Pseudomonadaceae
228,Pseudomonas34,Pseudomonas39_Pseudomonas34,Pseudomonas39,0.544203197007485,0.605836335651666,0.00831178781626162,Pseudomonadaceae
229,Pseudomonas34,Pseudomonas38_Pseudomonas34,Pseudomonas38,0.676860724204299,0.723229421684487,0.00831178781626162,Pseudomonadaceae
230,Pseudomonas34,Pseudomonas41_Pseudomonas34,Pseudomonas41,0.304392228252474,0.310049876495795,0.00414509703668944,Pseudomonadaceae
231,Pseudomonas35,Pseudomonas40_Pseudomonas35,Pseudomonas40,0.636240093203388,0.472782669388529,0.00831178781626162,Pseudomonadaceae
232,Pseudomonas36,Pseudomonas39_Pseudomonas36,Pseudomonas39,0.820364679130842,0.768323833486534,0.00833352624260582,Pseudomonadaceae
233,Pseudomonas36,Pseudomonas38_Pseudomonas36,Pseudomonas38,0.80395450299866,0.713254413103235,0.00833352624260582,Pseudomonadaceae
234,Pseudomonas36,Pseudomonas41_Pseudomonas36,Pseudomonas41,0.549522163075344,0.473099032589492,0.00833352624260582,Pseudomonadaceae
235,Pseudomonas38,Pseudomonas41_Pseudomonas38,Pseudomonas41,0.55859538370144,0.515024556653133,0.00833352624260582,Pseudomonadaceae
236,Pseudomonas39,Pseudomonas38_Pseudomonas39,Pseudomonas38,0.772675764069287,0.730273920047348,0.00833352624260582,Pseudomonadaceae
237,Pseudomonas39,Pseudomonas41_Pseudomonas39,Pseudomonas41,0.53266034637335,0.508359360416661,0.00833352624260582,Pseudomonadaceae
238,Pseudomonas4,Pseudomonas8_Pseudomonas4,Pseudomonas8,0.668867977489995,0.777892033888634,0.00833352624260582,Pseudomonadaceae
239,Pseudomonas4,Pseudomonas14_Pseudomonas4,Pseudomonas14,0.649578312541617,0.735065679174252,0.00833352624260582,Pseudomonadaceae
240,Pseudomonas4,Pseudomonas15_Pseudomonas4,Pseudomonas15,0.646031412032595,0.745347791354223,0.00831178781626162,Pseudomonadaceae
241,Pseudomonas4,Pseudomonas29_Pseudomonas4,Pseudomonas29,0.774766005380701,0.858079950311624,0.00833352624260582,Pseudomonadaceae
242,Pseudomonas4,Pseudomonas21_Pseudomonas4,Pseudomonas21,0.6603333231891,0.766391676028252,0.00833352624260582,Pseudomonadaceae
243,Pseudomonas4,Pseudomonas16_Pseudomonas4,Pseudomonas16,0.640568810028734,0.740510473801754,0.00833352624260582,Pseudomonadaceae
244,Pseudomonas4,Pseudomonas17_Pseudomonas4,Pseudomonas17,0.668958023947303,0.782244952316617,0.00833352624260582,Pseudomonadaceae
245,Pseudomonas4,Pseudomonas19_Pseudomonas4,Pseudomonas19,0.616656711848794,0.737241456667852,0.00833352624260582,Pseudomonadaceae
246,Pseudomonas4,Pseudomonas18_Pseudomonas4,Pseudomonas18,0.662146042767646,0.760792465442417,0.00833352624260582,Pseudomonadaceae
247,Pseudomonas4,Pseudomonas22_Pseudomonas4,Pseudomonas22,0.630607407282259,0.739915065147878,0.00831178781626162,Pseudomonadaceae
248,Pseudomonas4,Pseudomonas23_Pseudomonas4,Pseudomonas23,0.627702210371659,0.722138165201007,0.00833352624260582,Pseudomonadaceae
249,Pseudomonas4,Pseudomonas25_Pseudomonas4,Pseudomonas25,0.62095680624548,0.667962022968413,0.00833352624260582,Pseudomonadaceae
250,Pseudomonas4,Pseudomonas28_Pseudomonas4,Pseudomonas28,0.629534339923767,0.710511802499472,0.00833352624260582,Pseudomonadaceae
251,Pseudomonas4,Pseudomonas35_Pseudomonas4,Pseudomonas35,0.529729952395464,0.459010568128705,0.00414940140734753,Pseudomonadaceae
252,Pseudomonas4,Pseudomonas32_Pseudomonas4,Pseudomonas32,0.76974499078029,0.822218013666127,0.00833352624260582,Pseudomonadaceae
253,Pseudomonas4,Pseudomonas31_Pseudomonas4,Pseudomonas31,0.599565505424469,0.704448074675701,0.00833352624260582,Pseudomonadaceae
254,Pseudomonas4,Pseudomonas33_Pseudomonas4,Pseudomonas33,0.424937693563246,0.556100244249436,0.00831178781626162,Pseudomonadaceae
255,Pseudomonas4,Pseudomonas34_Pseudomonas4,Pseudomonas34,0.577423152764765,0.662507224837858,0.00831178781626162,Pseudomonadaceae
256,Pseudomonas4,Pseudomonas36_Pseudomonas4,Pseudomonas36,0.72566088936944,0.800472030614339,0.00833352624260582,Pseudomonadaceae
257,Pseudomonas4,Pseudomonas39_Pseudomonas4,Pseudomonas39,0.631846400993211,0.690814625673225,0.00833352624260582,Pseudomonadaceae
258,Pseudomonas4,Pseudomonas38_Pseudomonas4,Pseudomonas38,0.613838800603039,0.695928122041499,0.00833352624260582,Pseudomonadaceae
259,Pseudomonas4,Pseudomonas41_Pseudomonas4,Pseudomonas41,0.34671377419113,0.465460519855502,0.00833352624260582,Pseudomonadaceae
260,Pseudomonas5,Pseudomonas7_Pseudomonas5,Pseudomonas7,0.164099398169271,0.0683925390206488,0.00831178781626162,Pseudomonadaceae
261,Pseudomonas5,Pseudomonas9_Pseudomonas5,Pseudomonas9,0.743270947152973,0.633102806902107,0.00414940140734753,Pseudomonadaceae
262,Pseudomonas5,Pseudomonas10_Pseudomonas5,Pseudomonas10,0.302109439017778,0.325517178215055,0.00833352624260582,Pseudomonadaceae
263,Pseudomonas6,Pseudomonas20_Pseudomonas6,Pseudomonas20,0.486233099618858,0.419230170697243,0.00414509703668944,Pseudomonadaceae
264,Pseudomonas6,Pseudomonas40_Pseudomonas6,Pseudomonas40,0.866106918084318,0.72354003315843,0.00414940140734753,Pseudomonadaceae
265,Pseudomonas7,Pseudomonas9_Pseudomonas7,Pseudomonas9,0.20486068821036,0.13419345906593,0.00414509703668944,Pseudomonadaceae
266,Pseudomonas7,Pseudomonas10_Pseudomonas7,Pseudomonas10,0.114191924626784,0.259539845668183,0.00831178781626162,Pseudomonadaceae
267,Pseudomonas8,Pseudomonas14_Pseudomonas8,Pseudomonas14,0.951886080892572,0.903952792819884,0.00833352624260582,Pseudomonadaceae
268,Pseudomonas8,Pseudomonas15_Pseudomonas8,Pseudomonas15,0.955272457393276,0.912387511227255,0.00831178781626162,Pseudomonadaceae
269,Pseudomonas8,Pseudomonas29_Pseudomonas8,Pseudomonas29,0.872951168177394,0.848483754152135,0.00833352624260582,Pseudomonadaceae
270,Pseudomonas8,Pseudomonas21_Pseudomonas8,Pseudomonas21,0.945264210995964,0.911028530822437,0.00833352624260582,Pseudomonadaceae
271,Pseudomonas8,Pseudomonas16_Pseudomonas8,Pseudomonas16,0.954589663769206,0.905098694504669,0.00833352624260582,Pseudomonadaceae
272,Pseudomonas8,Pseudomonas17_Pseudomonas8,Pseudomonas17,0.950784035642662,0.91161644498855,0.00833352624260582,Pseudomonadaceae
273,Pseudomonas8,Pseudomonas19_Pseudomonas8,Pseudomonas19,0.945204555622556,0.902769524089985,0.00833352624260582,Pseudomonadaceae
274,Pseudomonas8,Pseudomonas18_Pseudomonas8,Pseudomonas18,0.93704445051305,0.906017480802119,0.00833352624260582,Pseudomonadaceae
275,Pseudomonas8,Pseudomonas22_Pseudomonas8,Pseudomonas22,0.950604380520352,0.92701341312235,0.00831178781626162,Pseudomonadaceae
276,Pseudomonas8,Pseudomonas23_Pseudomonas8,Pseudomonas23,0.951214076831828,0.913402124748512,0.00833352624260582,Pseudomonadaceae
277,Pseudomonas8,Pseudomonas25_Pseudomonas8,Pseudomonas25,0.567168824112416,0.637370036951931,0.00833352624260582,Pseudomonadaceae
278,Pseudomonas8,Pseudomonas28_Pseudomonas8,Pseudomonas28,0.91678153467099,0.872365798981268,0.00833352624260582,Pseudomonadaceae
279,Pseudomonas8,Pseudomonas32_Pseudomonas8,Pseudomonas32,0.844050938501846,0.821275121280937,0.00833352624260582,Pseudomonadaceae
280,Pseudomonas8,Pseudomonas31_Pseudomonas8,Pseudomonas31,0.908958027570107,0.860652125716077,0.00833352624260582,Pseudomonadaceae
281,Pseudomonas8,Pseudomonas33_Pseudomonas8,Pseudomonas33,0.705848242985574,0.722219872012408,0.00831178781626162,Pseudomonadaceae
282,Pseudomonas8,Pseudomonas34_Pseudomonas8,Pseudomonas34,0.688330838695159,0.732048244118265,0.00831178781626162,Pseudomonadaceae
283,Pseudomonas8,Pseudomonas36_Pseudomonas8,Pseudomonas36,0.793174759428266,0.746806254868609,0.00833352624260582,Pseudomonadaceae
284,Pseudomonas8,Pseudomonas39_Pseudomonas8,Pseudomonas39,0.766337417248493,0.739641304498844,0.00833352624260582,Pseudomonadaceae
285,Pseudomonas8,Pseudomonas38_Pseudomonas8,Pseudomonas38,0.882598843273601,0.823029678152996,0.00833352624260582,Pseudomonadaceae
286,Pseudomonas8,Pseudomonas41_Pseudomonas8,Pseudomonas41,0.589210827758285,0.563785657403457,0.00833352624260582,Pseudomonadaceae
287,Pseudomonas9,Pseudomonas10_Pseudomonas9,Pseudomonas10,0.477882775035711,0.510882989227884,0.00414940140734753,Pseudomonadaceae
288,Sphingomonas1,Sphingomonas3_Sphingomonas1,Sphingomonas3,0.954221322483139,0.984651032410289,0.00414940140734753,Sphingomonadaceae
289,Sphingomonas1,Sphingomonas4_Sphingomonas1,Sphingomonas4,0.936340229202947,0.978330175726452,0.00414509703668944,Sphingomonadaceae
290,Sphingomonas1,Sphingomonas6_Sphingomonas1,Sphingomonas6,0.891821914996179,0.952800681672093,0.00414940140734753,Sphingomonadaceae
291,Sphingomonas1,Sphingomonas7_Sphingomonas1,Sphingomonas7,0.811758903711353,0.878557045717975,0.00414940140734753,Sphingomonadaceae
292,Sphingomonas1,Sphingomonas8_Sphingomonas1,Sphingomonas8,0.884157627043793,0.943357870089143,0.00414940140734753,Sphingomonadaceae
293,Sphingomonas1,Sphingomonas11_Sphingomonas1,Sphingomonas11,0.838251528017607,0.913764416357409,0.00414940140734753,Sphingomonadaceae
294,Sphingomonas1,Sphingomonas12_Sphingomonas1,Sphingomonas12,0.851211693042455,0.930541619409235,0.00414509703668944,Sphingomonadaceae
295,Sphingomonas1,Sphingomonas13_Sphingomonas1,Sphingomonas13,0.844224407517546,0.910646730920859,0.00414940140734753,Sphingomonadaceae
296,Sphingomonas1,Sphingomonas14_Sphingomonas1,Sphingomonas14,0.84484224179139,0.926712483636284,0.00414940140734753,Sphingomonadaceae
297,Sphingomonas1,Sphingomonas15_Sphingomonas1,Sphingomonas15,0.783380941261171,0.864380230153814,0.00414509703668944,Sphingomonadaceae
298,Sphingomonas1,Sphingomonas17_Sphingomonas1,Sphingomonas17,0.817914372959944,0.887896576628413,0.00414940140734753,Sphingomonadaceae
299,Sphingomonas1,Sphingomonas18_Sphingomonas1,Sphingomonas18,0.819696662616145,0.899994538318077,0.00414940140734753,Sphingomonadaceae
300,Sphingomonas1,Sphingomonas19_Sphingomonas1,Sphingomonas19,0.806102900980908,0.869952147055564,0.00414940140734753,Sphingomonadaceae
301,Sphingomonas1,Sphingomonas22_Sphingomonas1,Sphingomonas22,0.790065435610372,0.87196511628542,0.00414940140734753,Sphingomonadaceae
302,Sphingomonas1,Sphingomonas23_Sphingomonas1,Sphingomonas23,0.773320835248735,0.859339562495304,0.00414940140734753,Sphingomonadaceae
303,Sphingomonas1,Sphingomonas25_Sphingomonas1,Sphingomonas25,0.788905435125149,0.876353141677371,0.00414940140734753,Sphingomonadaceae
304,Sphingomonas1,Sphingomonas26_Sphingomonas1,Sphingomonas26,0.733230689826088,0.837882229034336,0.00414940140734753,Sphingomonadaceae
305,Sphingomonas1,Sphingomonas27_Sphingomonas1,Sphingomonas27,0.800020041755877,0.869217338643981,0.00414940140734753,Sphingomonadaceae
306,Sphingomonas10,Sphingomonas12_Sphingomonas10,Sphingomonas12,0.936364844309158,0.911536704598644,0.00414509703668944,Sphingomonadaceae
307,Sphingomonas10,Sphingomonas13_Sphingomonas10,Sphingomonas13,0.909267073251831,0.880771236850463,0.00414940140734753,Sphingomonadaceae
308,Sphingomonas10,Sphingomonas14_Sphingomonas10,Sphingomonas14,0.935005268637346,0.926564563798187,0.00414940140734753,Sphingomonadaceae
309,Sphingomonas10,Sphingomonas15_Sphingomonas10,Sphingomonas15,0.849429168789313,0.837726953261385,0.00414509703668944,Sphingomonadaceae
310,Sphingomonas10,Sphingomonas17_Sphingomonas10,Sphingomonas17,0.885666276229681,0.864623011849567,0.00414940140734753,Sphingomonadaceae
311,Sphingomonas10,Sphingomonas18_Sphingomonas10,Sphingomonas18,0.883298821390699,0.875066085428593,0.00414940140734753,Sphingomonadaceae
312,Sphingomonas10,Sphingomonas19_Sphingomonas10,Sphingomonas19,0.906627423926967,0.862596375642042,0.00414940140734753,Sphingomonadaceae
313,Sphingomonas10,Sphingomonas22_Sphingomonas10,Sphingomonas22,0.886294109160754,0.862256373109187,0.00414940140734753,Sphingomonadaceae
314,Sphingomonas10,Sphingomonas23_Sphingomonas10,Sphingomonas23,0.892076306598191,0.880528579919348,0.00414940140734753,Sphingomonadaceae
315,Sphingomonas10,Sphingomonas25_Sphingomonas10,Sphingomonas25,0.886552129548592,0.861374706719467,0.00414940140734753,Sphingomonadaceae
316,Sphingomonas10,Sphingomonas26_Sphingomonas10,Sphingomonas26,0.835268728154891,0.822415490699236,0.00414940140734753,Sphingomonadaceae
317,Sphingomonas10,Sphingomonas27_Sphingomonas10,Sphingomonas27,0.872177304209883,0.836910055603038,0.00414940140734753,Sphingomonadaceae
318,Sphingomonas11,Sphingomonas10_Sphingomonas11,Sphingomonas10,0.917926340208948,0.899531735581364,0.00414940140734753,Sphingomonadaceae
319,Sphingomonas11,Sphingomonas12_Sphingomonas11,Sphingomonas12,0.923110532516681,0.893397749999405,0.00831178781626162,Sphingomonadaceae
320,Sphingomonas11,Sphingomonas13_Sphingomonas11,Sphingomonas13,0.914008727084487,0.892880580304688,0.00833352624260582,Sphingomonadaceae
321,Sphingomonas11,Sphingomonas14_Sphingomonas11,Sphingomonas14,0.898570311876325,0.878269087359679,0.00833352624260582,Sphingomonadaceae
322,Sphingomonas11,Sphingomonas15_Sphingomonas11,Sphingomonas15,0.854887826962674,0.815291019720068,0.00831178781626162,Sphingomonadaceae
323,Sphingomonas11,Sphingomonas17_Sphingomonas11,Sphingomonas17,0.88455309232381,0.855992207047864,0.00833352624260582,Sphingomonadaceae
324,Sphingomonas11,Sphingomonas18_Sphingomonas11,Sphingomonas18,0.886655474626926,0.8703180307083,0.00833352624260582,Sphingomonadaceae
325,Sphingomonas11,Sphingomonas19_Sphingomonas11,Sphingomonas19,0.90177338956974,0.85181293508987,0.00833352624260582,Sphingomonadaceae
326,Sphingomonas11,Sphingomonas22_Sphingomonas11,Sphingomonas22,0.897514433981284,0.862822507807494,0.00833352624260582,Sphingomonadaceae
327,Sphingomonas11,Sphingomonas23_Sphingomonas11,Sphingomonas23,0.876275938052443,0.859306693466559,0.00833352624260582,Sphingomonadaceae
328,Sphingomonas11,Sphingomonas25_Sphingomonas11,Sphingomonas25,0.902909439564313,0.891081207541758,0.00833352624260582,Sphingomonadaceae
329,Sphingomonas11,Sphingomonas26_Sphingomonas11,Sphingomonas26,0.857514823917436,0.84877963488942,0.00833352624260582,Sphingomonadaceae
330,Sphingomonas11,Sphingomonas27_Sphingomonas11,Sphingomonas27,0.866620733567972,0.840711485944928,0.00833352624260582,Sphingomonadaceae
331,Sphingomonas12,Sphingomonas13_Sphingomonas12,Sphingomonas13,0.932119342124264,0.901286568591481,0.00831178781626162,Sphingomonadaceae
332,Sphingomonas12,Sphingomonas14_Sphingomonas12,Sphingomonas14,0.933670572224174,0.921351666828901,0.00831178781626162,Sphingomonadaceae
333,Sphingomonas12,Sphingomonas15_Sphingomonas12,Sphingomonas15,0.850437296012238,0.813958761851379,0.00831616452865048,Sphingomonadaceae
334,Sphingomonas12,Sphingomonas17_Sphingomonas12,Sphingomonas17,0.893098108540134,0.864509427939331,0.00831178781626162,Sphingomonadaceae
335,Sphingomonas12,Sphingomonas18_Sphingomonas12,Sphingomonas18,0.886807511192672,0.850860867637575,0.00831178781626162,Sphingomonadaceae
336,Sphingomonas12,Sphingomonas19_Sphingomonas12,Sphingomonas19,0.909861966301837,0.855446177800113,0.00831178781626162,Sphingomonadaceae
337,Sphingomonas12,Sphingomonas22_Sphingomonas12,Sphingomonas22,0.887567205905983,0.84045338705536,0.00831178781626162,Sphingomonadaceae
338,Sphingomonas12,Sphingomonas23_Sphingomonas12,Sphingomonas23,0.887328266202484,0.854317716958472,0.00831178781626162,Sphingomonadaceae
339,Sphingomonas12,Sphingomonas25_Sphingomonas12,Sphingomonas25,0.89689616998924,0.873301028284347,0.00831178781626162,Sphingomonadaceae
340,Sphingomonas12,Sphingomonas26_Sphingomonas12,Sphingomonas26,0.872323955923848,0.857546369164223,0.00831178781626162,Sphingomonadaceae
341,Sphingomonas12,Sphingomonas27_Sphingomonas12,Sphingomonas27,0.893680413171199,0.854562331001127,0.00414509703668944,Sphingomonadaceae
342,Sphingomonas13,Sphingomonas14_Sphingomonas13,Sphingomonas14,0.900099498292574,0.870744749500186,0.00833352624260582,Sphingomonadaceae
343,Sphingomonas13,Sphingomonas15_Sphingomonas13,Sphingomonas15,0.828758313383215,0.77723154541634,0.00831178781626162,Sphingomonadaceae
344,Sphingomonas13,Sphingomonas17_Sphingomonas13,Sphingomonas17,0.903256941720016,0.887248015116501,0.00833352624260582,Sphingomonadaceae
345,Sphingomonas13,Sphingomonas18_Sphingomonas13,Sphingomonas18,0.861243327039953,0.834037242005916,0.00833352624260582,Sphingomonadaceae
346,Sphingomonas13,Sphingomonas19_Sphingomonas13,Sphingomonas19,0.888503269674971,0.837698997973416,0.00833352624260582,Sphingomonadaceae
347,Sphingomonas13,Sphingomonas22_Sphingomonas13,Sphingomonas22,0.902634973464311,0.860501155561526,0.00833352624260582,Sphingomonadaceae
348,Sphingomonas13,Sphingomonas23_Sphingomonas13,Sphingomonas23,0.869475399216675,0.832214890504161,0.00833352624260582,Sphingomonadaceae
349,Sphingomonas13,Sphingomonas25_Sphingomonas13,Sphingomonas25,0.893490158124874,0.860086188288812,0.00833352624260582,Sphingomonadaceae
350,Sphingomonas13,Sphingomonas26_Sphingomonas13,Sphingomonas26,0.855971112681111,0.840341234665801,0.00833352624260582,Sphingomonadaceae
351,Sphingomonas13,Sphingomonas27_Sphingomonas13,Sphingomonas27,0.867035642504812,0.838592608013714,0.00833352624260582,Sphingomonadaceae
352,Sphingomonas14,Sphingomonas15_Sphingomonas14,Sphingomonas15,0.877485675713758,0.857631188411335,0.00831178781626162,Sphingomonadaceae
353,Sphingomonas14,Sphingomonas17_Sphingomonas14,Sphingomonas17,0.891385166473367,0.874923140412197,0.00833352624260582,Sphingomonadaceae
354,Sphingomonas14,Sphingomonas18_Sphingomonas14,Sphingomonas18,0.877584060547899,0.856352146693858,0.00833352624260582,Sphingomonadaceae
355,Sphingomonas14,Sphingomonas19_Sphingomonas14,Sphingomonas19,0.891998666203162,0.85593077497324,0.00833352624260582,Sphingomonadaceae
356,Sphingomonas14,Sphingomonas22_Sphingomonas14,Sphingomonas22,0.875754874661199,0.840941783907079,0.00833352624260582,Sphingomonadaceae
357,Sphingomonas14,Sphingomonas23_Sphingomonas14,Sphingomonas23,0.887810113914111,0.854265700457908,0.00833352624260582,Sphingomonadaceae
358,Sphingomonas14,Sphingomonas25_Sphingomonas14,Sphingomonas25,0.898327443088835,0.892764664582041,0.00833352624260582,Sphingomonadaceae
359,Sphingomonas14,Sphingomonas26_Sphingomonas14,Sphingomonas26,0.836548614241365,0.834099009796761,0.00833352624260582,Sphingomonadaceae
360,Sphingomonas14,Sphingomonas27_Sphingomonas14,Sphingomonas27,0.869183381261655,0.844466635609653,0.00833352624260582,Sphingomonadaceae
361,Sphingomonas15,Sphingomonas17_Sphingomonas15,Sphingomonas17,0.814535290239441,0.773204395957819,0.00831178781626162,Sphingomonadaceae
362,Sphingomonas15,Sphingomonas18_Sphingomonas15,Sphingomonas18,0.844898658486976,0.822334692509852,0.00831178781626162,Sphingomonadaceae
363,Sphingomonas15,Sphingomonas19_Sphingomonas15,Sphingomonas19,0.837041871433897,0.778873370522166,0.00831178781626162,Sphingomonadaceae
364,Sphingomonas15,Sphingomonas22_Sphingomonas15,Sphingomonas22,0.855156225398726,0.790880292578651,0.00414509703668944,Sphingomonadaceae
365,Sphingomonas15,Sphingomonas23_Sphingomonas15,Sphingomonas23,0.883391591882817,0.84758805496867,0.00831178781626162,Sphingomonadaceae
366,Sphingomonas15,Sphingomonas25_Sphingomonas15,Sphingomonas25,0.840780554309975,0.791339619208764,0.00831178781626162,Sphingomonadaceae
367,Sphingomonas15,Sphingomonas26_Sphingomonas15,Sphingomonas26,0.794469614897604,0.710595249881462,0.00831178781626162,Sphingomonadaceae
368,Sphingomonas15,Sphingomonas27_Sphingomonas15,Sphingomonas27,0.828068661709402,0.785772688560645,0.00831178781626162,Sphingomonadaceae
369,Sphingomonas16,Sphingomonas20_Sphingomonas16,Sphingomonas20,0.838574607590138,0.701272287694378,0.00831178781626162,Sphingomonadaceae
370,Sphingomonas17,Sphingomonas18_Sphingomonas17,Sphingomonas18,0.876002237581488,0.851267449904621,0.00833352624260582,Sphingomonadaceae
371,Sphingomonas17,Sphingomonas19_Sphingomonas17,Sphingomonas19,0.876724734219321,0.820805097771809,0.00833352624260582,Sphingomonadaceae
372,Sphingomonas17,Sphingomonas22_Sphingomonas17,Sphingomonas22,0.89573266694694,0.86491394220995,0.00833352624260582,Sphingomonadaceae
373,Sphingomonas17,Sphingomonas23_Sphingomonas17,Sphingomonas23,0.837640318004252,0.795271544536808,0.00833352624260582,Sphingomonadaceae
374,Sphingomonas17,Sphingomonas25_Sphingomonas17,Sphingomonas25,0.873863032423635,0.846339944970386,0.00833352624260582,Sphingomonadaceae
375,Sphingomonas17,Sphingomonas26_Sphingomonas17,Sphingomonas26,0.835499764092404,0.81786430188402,0.00833352624260582,Sphingomonadaceae
376,Sphingomonas17,Sphingomonas27_Sphingomonas17,Sphingomonas27,0.834503865890332,0.797422434121178,0.00833352624260582,Sphingomonadaceae
377,Sphingomonas18,Sphingomonas19_Sphingomonas18,Sphingomonas19,0.872952971910894,0.820560188802052,0.00833352624260582,Sphingomonadaceae
378,Sphingomonas18,Sphingomonas22_Sphingomonas18,Sphingomonas22,0.86788222687639,0.852699133748973,0.00833352624260582,Sphingomonadaceae
379,Sphingomonas18,Sphingomonas23_Sphingomonas18,Sphingomonas23,0.885230794058073,0.850382393118585,0.00833352624260582,Sphingomonadaceae
380,Sphingomonas18,Sphingomonas25_Sphingomonas18,Sphingomonas25,0.850149783226759,0.814526176128053,0.00833352624260582,Sphingomonadaceae
381,Sphingomonas18,Sphingomonas26_Sphingomonas18,Sphingomonas26,0.831020004089119,0.786986347664049,0.00833352624260582,Sphingomonadaceae
382,Sphingomonas18,Sphingomonas27_Sphingomonas18,Sphingomonas27,0.855524682125269,0.826377428364448,0.00833352624260582,Sphingomonadaceae
383,Sphingomonas19,Sphingomonas22_Sphingomonas19,Sphingomonas22,0.908114070910725,0.843680631842402,0.00833352624260582,Sphingomonadaceae
384,Sphingomonas19,Sphingomonas23_Sphingomonas19,Sphingomonas23,0.872662835443471,0.81563624113694,0.00833352624260582,Sphingomonadaceae
385,Sphingomonas19,Sphingomonas25_Sphingomonas19,Sphingomonas25,0.872910563935615,0.831552364231027,0.00833352624260582,Sphingomonadaceae
386,Sphingomonas19,Sphingomonas26_Sphingomonas19,Sphingomonas26,0.852036632884545,0.817743055553122,0.00833352624260582,Sphingomonadaceae
387,Sphingomonas19,Sphingomonas27_Sphingomonas19,Sphingomonas27,0.883104018485529,0.842319097205182,0.00833352624260582,Sphingomonadaceae
388,Sphingomonas2,Sphingomonas16_Sphingomonas2,Sphingomonas16,0.711365966124321,0.592884185181243,0.00414940140734753,Sphingomonadaceae
389,Sphingomonas2,Sphingomonas20_Sphingomonas2,Sphingomonas20,0.653431176211809,0.588549617095641,0.00414509703668944,Sphingomonadaceae
390,Sphingomonas22,Sphingomonas23_Sphingomonas22,Sphingomonas23,0.877922810832133,0.826278795829565,0.00833352624260582,Sphingomonadaceae
391,Sphingomonas22,Sphingomonas25_Sphingomonas22,Sphingomonas25,0.879025473507713,0.839834653804164,0.00833352624260582,Sphingomonadaceae
392,Sphingomonas22,Sphingomonas26_Sphingomonas22,Sphingomonas26,0.850958933741897,0.802446965237677,0.00833352624260582,Sphingomonadaceae
393,Sphingomonas22,Sphingomonas27_Sphingomonas22,Sphingomonas27,0.851774256538344,0.822347745987047,0.00833352624260582,Sphingomonadaceae
394,Sphingomonas23,Sphingomonas25_Sphingomonas23,Sphingomonas25,0.86869352175539,0.838834057253019,0.00833352624260582,Sphingomonadaceae
395,Sphingomonas23,Sphingomonas26_Sphingomonas23,Sphingomonas26,0.857961786169632,0.814585358137611,0.00833352624260582,Sphingomonadaceae
396,Sphingomonas23,Sphingomonas27_Sphingomonas23,Sphingomonas27,0.836251087322304,0.786067793678683,0.00833352624260582,Sphingomonadaceae
397,Sphingomonas25,Sphingomonas26_Sphingomonas25,Sphingomonas26,0.838939577058965,0.841192046616939,0.00833352624260582,Sphingomonadaceae
398,Sphingomonas25,Sphingomonas27_Sphingomonas25,Sphingomonas27,0.843259900478458,0.82537842338324,0.00833352624260582,Sphingomonadaceae
399,Sphingomonas26,Sphingomonas27_Sphingomonas26,Sphingomonas27,0.818643160055658,0.781594266870778,0.00833352624260582,Sphingomonadaceae
400,Sphingomonas3,Sphingomonas4_Sphingomonas3,Sphingomonas4,0.976140218265188,0.977510470110481,0.00831178781626162,Sphingomonadaceae
401,Sphingomonas3,Sphingomonas6_Sphingomonas3,Sphingomonas6,0.951417509009453,0.958936610746933,0.00833352624260582,Sphingomonadaceae
402,Sphingomonas3,Sphingomonas7_Sphingomonas3,Sphingomonas7,0.868456258848445,0.878506384231246,0.00833352624260582,Sphingomonadaceae
403,Sphingomonas3,Sphingomonas8_Sphingomonas3,Sphingomonas8,0.942382821380102,0.946848668628851,0.00833352624260582,Sphingomonadaceae
404,Sphingomonas3,Sphingomonas11_Sphingomonas3,Sphingomonas11,0.89982402300252,0.911109306779862,0.00833352624260582,Sphingomonadaceae
405,Sphingomonas3,Sphingomonas10_Sphingomonas3,Sphingomonas10,0.912977328103854,0.91880896600145,0.00414940140734753,Sphingomonadaceae
406,Sphingomonas3,Sphingomonas12_Sphingomonas3,Sphingomonas12,0.915059015192023,0.922350485694116,0.00831178781626162,Sphingomonadaceae
407,Sphingomonas3,Sphingomonas13_Sphingomonas3,Sphingomonas13,0.907896741957154,0.915908899384515,0.00833352624260582,Sphingomonadaceae
408,Sphingomonas3,Sphingomonas14_Sphingomonas3,Sphingomonas14,0.906375833719876,0.919843830493421,0.00833352624260582,Sphingomonadaceae
409,Sphingomonas3,Sphingomonas15_Sphingomonas3,Sphingomonas15,0.834015442381957,0.852695500827241,0.00831178781626162,Sphingomonadaceae
410,Sphingomonas3,Sphingomonas17_Sphingomonas3,Sphingomonas17,0.88559137492975,0.889559237927765,0.00833352624260582,Sphingomonadaceae
411,Sphingomonas3,Sphingomonas18_Sphingomonas3,Sphingomonas18,0.881051510554054,0.901591409172225,0.00833352624260582,Sphingomonadaceae
412,Sphingomonas3,Sphingomonas19_Sphingomonas3,Sphingomonas19,0.872443735788001,0.866299235580879,0.00833352624260582,Sphingomonadaceae
413,Sphingomonas3,Sphingomonas22_Sphingomonas3,Sphingomonas22,0.86328362007524,0.88046229736024,0.00833352624260582,Sphingomonadaceae
414,Sphingomonas3,Sphingomonas23_Sphingomonas3,Sphingomonas23,0.835521590193545,0.844550899507994,0.00833352624260582,Sphingomonadaceae
415,Sphingomonas3,Sphingomonas25_Sphingomonas3,Sphingomonas25,0.85639282622286,0.87313951144152,0.00833352624260582,Sphingomonadaceae
416,Sphingomonas3,Sphingomonas26_Sphingomonas3,Sphingomonas26,0.800322874843481,0.834254744317695,0.00833352624260582,Sphingomonadaceae
417,Sphingomonas3,Sphingomonas27_Sphingomonas3,Sphingomonas27,0.865594735183527,0.875721854853355,0.00833352624260582,Sphingomonadaceae
418,Sphingomonas4,Sphingomonas6_Sphingomonas4,Sphingomonas6,0.950091833730638,0.936084414719859,0.00831178781626162,Sphingomonadaceae
419,Sphingomonas4,Sphingomonas7_Sphingomonas4,Sphingomonas7,0.881422887865922,0.873930009954287,0.00831178781626162,Sphingomonadaceae
420,Sphingomonas4,Sphingomonas8_Sphingomonas4,Sphingomonas8,0.947308922306493,0.936366829168682,0.00831178781626162,Sphingomonadaceae
421,Sphingomonas4,Sphingomonas11_Sphingomonas4,Sphingomonas11,0.922167508820015,0.916211155690854,0.00831178781626162,Sphingomonadaceae
422,Sphingomonas4,Sphingomonas10_Sphingomonas4,Sphingomonas10,0.938598944509005,0.928578990972902,0.00414509703668944,Sphingomonadaceae
423,Sphingomonas4,Sphingomonas12_Sphingomonas4,Sphingomonas12,0.935619421602166,0.925246349864709,0.00831616452865048,Sphingomonadaceae
424,Sphingomonas4,Sphingomonas13_Sphingomonas4,Sphingomonas13,0.913284747185732,0.900379972172417,0.00831178781626162,Sphingomonadaceae
425,Sphingomonas4,Sphingomonas14_Sphingomonas4,Sphingomonas14,0.920416685729349,0.916726636917239,0.00831178781626162,Sphingomonadaceae
426,Sphingomonas4,Sphingomonas15_Sphingomonas4,Sphingomonas15,0.839448974233118,0.840148577421832,0.00831616452865048,Sphingomonadaceae
427,Sphingomonas4,Sphingomonas17_Sphingomonas4,Sphingomonas17,0.892505935013371,0.882644187594271,0.00831178781626162,Sphingomonadaceae
428,Sphingomonas4,Sphingomonas18_Sphingomonas4,Sphingomonas18,0.908764937413725,0.912539585159085,0.00831178781626162,Sphingomonadaceae
429,Sphingomonas4,Sphingomonas19_Sphingomonas4,Sphingomonas19,0.889375782683916,0.865422567266812,0.00831178781626162,Sphingomonadaceae
430,Sphingomonas4,Sphingomonas22_Sphingomonas4,Sphingomonas22,0.867851320625868,0.858512660910244,0.00831178781626162,Sphingomonadaceae
431,Sphingomonas4,Sphingomonas23_Sphingomonas4,Sphingomonas23,0.862550654067962,0.855493875971605,0.00831178781626162,Sphingomonadaceae
432,Sphingomonas4,Sphingomonas25_Sphingomonas4,Sphingomonas25,0.876538132057921,0.866236597296484,0.00831178781626162,Sphingomonadaceae
433,Sphingomonas4,Sphingomonas26_Sphingomonas4,Sphingomonas26,0.806736712492686,0.813306954974771,0.00414509703668944,Sphingomonadaceae
434,Sphingomonas4,Sphingomonas27_Sphingomonas4,Sphingomonas27,0.880895337180845,0.872066823288584,0.00831178781626162,Sphingomonadaceae
435,Sphingomonas6,Sphingomonas7_Sphingomonas6,Sphingomonas7,0.891508985131313,0.869735387963794,0.00833352624260582,Sphingomonadaceae
436,Sphingomonas6,Sphingomonas8_Sphingomonas6,Sphingomonas8,0.938186133171776,0.917555778593611,0.00833352624260582,Sphingomonadaceae
437,Sphingomonas6,Sphingomonas11_Sphingomonas6,Sphingomonas11,0.924538065961027,0.908235947944328,0.00833352624260582,Sphingomonadaceae
438,Sphingomonas6,Sphingomonas10_Sphingomonas6,Sphingomonas10,0.942154546408069,0.925120856347483,0.00414940140734753,Sphingomonadaceae
439,Sphingomonas6,Sphingomonas12_Sphingomonas6,Sphingomonas12,0.943929701698206,0.92027063696497,0.00831178781626162,Sphingomonadaceae
440,Sphingomonas6,Sphingomonas13_Sphingomonas6,Sphingomonas13,0.930325443690759,0.899580078918269,0.00833352624260582,Sphingomonadaceae
441,Sphingomonas6,Sphingomonas14_Sphingomonas6,Sphingomonas14,0.940709136743968,0.928477475717906,0.00833352624260582,Sphingomonadaceae
442,Sphingomonas6,Sphingomonas15_Sphingomonas6,Sphingomonas15,0.855261920186407,0.841266307948441,0.00831178781626162,Sphingomonadaceae
443,Sphingomonas6,Sphingomonas17_Sphingomonas6,Sphingomonas17,0.890310062616085,0.869983078451783,0.00833352624260582,Sphingomonadaceae
444,Sphingomonas6,Sphingomonas18_Sphingomonas6,Sphingomonas18,0.889331375824753,0.875143103974841,0.00833352624260582,Sphingomonadaceae
445,Sphingomonas6,Sphingomonas19_Sphingomonas6,Sphingomonas19,0.890098505027011,0.84408851879284,0.00833352624260582,Sphingomonadaceae
446,Sphingomonas6,Sphingomonas22_Sphingomonas6,Sphingomonas22,0.886896710665056,0.863834442808915,0.00833352624260582,Sphingomonadaceae
447,Sphingomonas6,Sphingomonas23_Sphingomonas6,Sphingomonas23,0.882488125560003,0.850031725409541,0.00833352624260582,Sphingomonadaceae
448,Sphingomonas6,Sphingomonas25_Sphingomonas6,Sphingomonas25,0.895305883788057,0.872207201280707,0.00833352624260582,Sphingomonadaceae
449,Sphingomonas6,Sphingomonas26_Sphingomonas6,Sphingomonas26,0.844515267043488,0.837967765469182,0.00833352624260582,Sphingomonadaceae
450,Sphingomonas6,Sphingomonas27_Sphingomonas6,Sphingomonas27,0.891993429503936,0.867691728364498,0.00833352624260582,Sphingomonadaceae
451,Sphingomonas7,Sphingomonas8_Sphingomonas7,Sphingomonas8,0.880434459562239,0.847444931540222,0.00833352624260582,Sphingomonadaceae
452,Sphingomonas7,Sphingomonas11_Sphingomonas7,Sphingomonas11,0.879860639689908,0.848089937058046,0.00833352624260582,Sphingomonadaceae
453,Sphingomonas7,Sphingomonas10_Sphingomonas7,Sphingomonas10,0.884344564678002,0.859671559941885,0.00414940140734753,Sphingomonadaceae
454,Sphingomonas7,Sphingomonas12_Sphingomonas7,Sphingomonas12,0.89693912195438,0.869166520671492,0.00831178781626162,Sphingomonadaceae
455,Sphingomonas7,Sphingomonas13_Sphingomonas7,Sphingomonas13,0.882195407635091,0.857603297520588,0.00833352624260582,Sphingomonadaceae
456,Sphingomonas7,Sphingomonas14_Sphingomonas7,Sphingomonas14,0.893434610288135,0.880069999167682,0.00833352624260582,Sphingomonadaceae
457,Sphingomonas7,Sphingomonas15_Sphingomonas7,Sphingomonas15,0.840932824936483,0.803320167725518,0.00831178781626162,Sphingomonadaceae
458,Sphingomonas7,Sphingomonas17_Sphingomonas7,Sphingomonas17,0.843916865438468,0.814693882084643,0.00833352624260582,Sphingomonadaceae
459,Sphingomonas7,Sphingomonas18_Sphingomonas7,Sphingomonas18,0.832349298153914,0.805709282592186,0.00833352624260582,Sphingomonadaceae
460,Sphingomonas7,Sphingomonas19_Sphingomonas7,Sphingomonas19,0.870867294630583,0.821025384126078,0.00833352624260582,Sphingomonadaceae
461,Sphingomonas7,Sphingomonas22_Sphingomonas7,Sphingomonas22,0.872115753880386,0.84095505301476,0.00833352624260582,Sphingomonadaceae
462,Sphingomonas7,Sphingomonas23_Sphingomonas7,Sphingomonas23,0.861190221456277,0.814254108561659,0.00833352624260582,Sphingomonadaceae
463,Sphingomonas7,Sphingomonas25_Sphingomonas7,Sphingomonas25,0.862198401248737,0.839274315542952,0.00833352624260582,Sphingomonadaceae
464,Sphingomonas7,Sphingomonas26_Sphingomonas7,Sphingomonas26,0.824739972113022,0.811335986525255,0.00833352624260582,Sphingomonadaceae
465,Sphingomonas7,Sphingomonas27_Sphingomonas7,Sphingomonas27,0.868897333393106,0.836954124885179,0.00833352624260582,Sphingomonadaceae
466,Sphingomonas8,Sphingomonas11_Sphingomonas8,Sphingomonas11,0.915531268014319,0.899875277578328,0.00833352624260582,Sphingomonadaceae
467,Sphingomonas8,Sphingomonas10_Sphingomonas8,Sphingomonas10,0.913897097014179,0.894886830242165,0.00414940140734753,Sphingomonadaceae
468,Sphingomonas8,Sphingomonas12_Sphingomonas8,Sphingomonas12,0.908853790299512,0.877250430093169,0.00831178781626162,Sphingomonadaceae
469,Sphingomonas8,Sphingomonas13_Sphingomonas8,Sphingomonas13,0.914117505965843,0.885071199053684,0.00833352624260582,Sphingomonadaceae
470,Sphingomonas8,Sphingomonas14_Sphingomonas8,Sphingomonas14,0.916389491909456,0.89796774921455,0.00833352624260582,Sphingomonadaceae
471,Sphingomonas8,Sphingomonas15_Sphingomonas8,Sphingomonas15,0.862359348035027,0.845405156451884,0.00831178781626162,Sphingomonadaceae
472,Sphingomonas8,Sphingomonas17_Sphingomonas8,Sphingomonas17,0.905112642721062,0.877478281099865,0.00833352624260582,Sphingomonadaceae
473,Sphingomonas8,Sphingomonas18_Sphingomonas8,Sphingomonas18,0.923381400022244,0.914069915586445,0.00833352624260582,Sphingomonadaceae
474,Sphingomonas8,Sphingomonas19_Sphingomonas8,Sphingomonas19,0.893905737595309,0.855793773733875,0.00833352624260582,Sphingomonadaceae
475,Sphingomonas8,Sphingomonas22_Sphingomonas8,Sphingomonas22,0.898380082484733,0.888986666289628,0.00833352624260582,Sphingomonadaceae
476,Sphingomonas8,Sphingomonas23_Sphingomonas8,Sphingomonas23,0.888943874133741,0.858321455698507,0.00833352624260582,Sphingomonadaceae
477,Sphingomonas8,Sphingomonas25_Sphingomonas8,Sphingomonas25,0.88986153801253,0.865328187680129,0.00833352624260582,Sphingomonadaceae
478,Sphingomonas8,Sphingomonas26_Sphingomonas8,Sphingomonas26,0.862709888152861,0.848047051695848,0.00833352624260582,Sphingomonadaceae
479,Sphingomonas8,Sphingomonas27_Sphingomonas8,Sphingomonas27,0.873929651141562,0.846141873597093,0.00833352624260582,Sphingomonadaceae
480,Sphingomonas9,Sphingomonas21_Sphingomonas9,Sphingomonas21,0.577706033774934,0.61680226040493,0.00831178781626162,Sphingomonadaceae
